NO,COMPANY NAME,SALES PIC,TA,TL,TC,TP,"PAYROLL
CODE",HC,DB CREATION,GO LIVE DATE,STATUS,IMPLEMENTER,"ON9 KICK OFF
MEETING ","ON9 WEBINAR 
TRAINING",
1,PURPLE HEART DESIGN,EDWARD,X,/,/,/,PURPLE,10,28-Jun-24,5-Jul-24,CLOSED,AMIRUL,5-Jul-24,5-Jul-24,
2,VIANZ & SHAN MUSIC STUDIO,EDWARD,/,/,/,/,TTC1003,10,2-Jul-24,,DELAY,AMIRUL,5-Jul-24,6-Aug-24,
3,GCOOP MALAYSIA SDN BHD,JIAJUN,/,X,X,X,X,13,2-Jul-24,16-Oct-24,CLOSED,AMIRUL,9-Jul-24,28-Oct-24,
4,FOUNDER ENERGY SDN BHD,JIAJUN,/,/,/,X,X,80,15-Jul-24,16-Oct-24,CLOSED,AMIRUL,9-Aug-24,16-Jul-24,
5,GL PARKING SOLUTION SDN BHD,EDWARD,/,/,/,/,TTC1002,30,15-Jul-24,16-Oct-24,CLOSED,AMIRUL,26-Jul-24,30-Jul-24,
6,FRISBERG ENGINEERING SDN BHD,EDWARD,/,/,/,/,TTC1004,25,16-Jul-24,16-Oct-24,CLOSED,AMIRUL,26-Jul-24,30-Jul-24,
7,REVILLON METAL SDN BHD,YASMIN,/,X,X,X,X,40,16-Jul-24,20-Aug-24,CLOSED,AMIRUL,24-Jul-24,30-Jul-24,
8,DAGANG NEXCHANGE BERHAD,MUIM,/,X,X,X,X,500,17-Jul-24,20-Aug-24,CLOSED,AMIRUL,N/A,N/A,
9,PADIBERAS NASIONAL BERHAD,MUIM,/,X,X,X,X,1300,10-Jul-24,,INACTIVE,AMIRUL,N/A,N/A,
10,SME CORPORATION MALAYSIA ,MUIM,/,X,X,X,X,330,17-Jul-24,5-Aug-24,CLOSED,AMIRUL,N/A,N/A,
11,LEPPO CONCRETE SDN BHD,SULAIMAN,/,/,/,/,LEPPOH,120,18-Jul-24,,INACTIVE,AMIRUL,19-Jul-24,2-Jul-24,
12,METROTUBE SDN BHD,MUIM,/,/,/,/,TTC1012,40,19-Jul-24,5-Nov-24,CLOSED,AMIRUL,23-Jul-24,6-Aug-24,
13,SRI KDU SDN BHD,MUIM,/,X,X,X,X,370,19-Jul-24,12-Nov-24,CLOSED,AMIRUL,1-Aug-24,6-Aug-24,
14,T2 INTERACTIVE INTERNATIONAL SDN BHD,JIAJUN,/,/,X,X,X,35,19-Jul-24,20-Aug-24,CLOSED,AMIRUL,23-Jul-24,30-Jul-24,
15,CAMBRIDGE ENGLISH FOR LIFE SDN BHD,EDWARD,/,/,/,/,TTC1005,70,22-Jul-24,16-Oct-24,CLOSED,AMIRUL,29-Jul-24,6-Aug-24,
16,R.E.A.L EDUCATION GROUP SDN BHD ,MUIM,/,X,X,X,X,70,23-Jul-24,12-Nov-24,CLOSED,AMIRUL,1-Aug-24,6-Aug-24,
17,LUCKY MALL (MY) SDN BHD,MUIM,/,/,/,/,TTC1006,35,23-Jul-24,19-Sep-24,CLOSED,AMIRUL,30-Jul-24,6-Aug-24,
18,STATE INSURANCE BROKER SDN BHD,JIAJUN,/,/,/,/,TTC1001,70,24-Jul-24,16-Oct-24,CLOSED,AMIRUL,31-Jul-24,7-Jul-24,
19,GANAPATHY METAL SDN BHD,JIAJUN,/,X,X,X,X,80,24-Jul-24,12-Sep-24,CLOSED,AMIRUL,29-Jul-24,10-Sep-24,
20,VINTEK SPARE PARTS SDN BHD,EDWARD,/,/,X,/,TTC1008,20,25-Jul-24,16-Oct-24,CLOSED,AMIRUL,2-Aug-24,30-Jul-24,
25,SHJ CONSTRUCTION SDN BHD,JIAJUN,/,/,X,/,SHANGH,150,26-Jul-24,25/9/2024,CLOSED,AMIRUL,23-Aug-24,N/A,
22,GENTLY MARKETING SDN BHD,EDWARD,X,X,X,/,TTC1007,10,29-Jul-24,21-Nov-24,CLOSED,AMIRUL,6-Aug-24,5-Sep-24,
23,FOOD VALLEY SDN BHD,JIAJUN,/,/,X,/,FOODVL,130,1-Aug-24,10-Sep-24,CLOSED,AMIRUL,30-Jul-24,2-Jul-24,
24,MY ROADTAX STORE,JIAJUN,/,/,/,/,TTC1009,10,1-Aug-24,29-Oct-24,CLOSED,AMIRUL,27-Aug-24,24-Sep-24,
25,K & L FARMING INDUSTRIES SDN BHD,MUIM,/,/,/,/,TTC1010,720,2-Aug-24,26-Mar-25,CLOSED,AMIRUL,5-Aug-24,6-Aug-24,
26,TNETS GLOBAL SDN BHD,EDWARD,/,/,/,/,TTC1014,10,5-Aug-24,,CLOSED,AMIRUL,21-Aug-24,27-Aug-24,
27,LIP HENG CONSTRUCTION SDN BHD,JIAJUN,/,X,X,X,X,10,7-Aug-24,10-Sep-24,CLOSED,AMIRUL,20-Aug-24,3-Sep-24,
28,NIK HISHAM FAKIHAH & CO,JIAJUN,X,/,X,/,TTC1028,23,9-Aug-24,16-Oct-24,CLOSED,AMIRUL,19-Aug-24,27-Aug-24,
29,PASARAYA BORONG SAKAN SDN BHD,SULAIMAN,/,/,X,/,PSRYBS,600,9-Aug-24,,INACTIVE,AMIRUL,N/A,N/A,
30,GOH AH LEK PLASTERING SDN BHD,JIAJUN,/,X,X,X,X,60,12-Aug-24,9-Sep-24,CLOSED,AMIRUL,22-Aug-24,27-Aug-24,
31,TIMUR CARPARK SDN BHD,MUIM,/,/,X,/,TTC1011,50,12-Aug-24,26-Mar-25,CLOSED,AMIRUL,14-Aug-24,22-Aug-24,
32,JAQUED HOLDINGS SDN BHD,JIAJUN,/,/,X,/,TTC1013,35,13-Aug-24,,DELAY,AMIRUL,16-Aug-24,20-Aug-24,
33,STAFFWORX PROPERTY MANAGEMENT (M) SDN BHD,EDWARD,/,/,/,/,TTC1015,20,15-Aug-24,10-Sep-24,CLOSED,BARI,19-Aug-24,20-Aug-24,
34,BH BERSATU BINA SDN BHD,EDWARD,/,/,/,/,TTC1017,100,15-Aug-24,11-Mar-25,CLOSED,ZULHILMIE,19-Aug-24,20-Aug-24,
35,SUN JIANG TRADING SDN BHD,MUIM,/,X,X,X,X,30,16-Aug-24,6-Sep-24,CLOSED,BARI,19-Aug-24,13-Aug-24,
36,BLOOMTHIS FLORA SDN BHD,YASMIN,X,X,X,/,TTC1016,21,17-Aug-24,6-Sep-24,CLOSED,BARI,21-Aug-24,22-Aug-24,
37,FOCUS POINT VISION CARE GROUP SDN BHD,YASMIN,X,X,/,X,X,150,17-Aug-24,21-May-25,CLOSED,ZULHILMIE,2-Sep-24,20-Aug-24,
38,SHIMIZU CORPORATION MALAYSIA,MUIM,/,/,/,/,TTC1018,140,17-Aug-24,,INACTIVE,AMIRUL,23-Aug-24,20-Aug-24,
39,KOPERASI HAOS GEMILANG BERHAD,MUIM,/,/,X,/,TTC1019,10,17-Aug-24,16-Oct-24,CLOSED,BARI,22-Aug-24,8-Oct-24,
40,BEANS EVER SDN BHD,YASMIN,/,/,X,/,TTC1020,10,17-Aug-24,16-Oct-24,CLOSED,BARI,22-Aug-24,27-Aug-24,
41,ASIA JBR SDN BHD,MUIM,/,/,X,/,TTC1021,10,19-Aug-24,8-Oct-24,CLOSED,BARI,22-Aug-24,27-Aug-24,
42,BINA KEMUNCAK CEMERLANG SDN BHD,YASMIN,/,/,X,/,TTC1022,60,19-Aug-24,,INACTIVE,AMIRUL,22-Aug-24,27-Aug-24,
43,ST TIEW DENTAL GROUP SDN BHD,JIAJUN,/,/,/,/,TTC1023,260,20-Aug-24,,DELAY,AMIRUL,6-Sep-24,10-Sep-24,
44,WORLD MINIATURE (M) SDN BHD,JIAJUN,/,/,X,/,TTC1024,60,26-Aug-24,27-Mar-25,CLOSED,ZULHILMIE,12-Sep-24,24-Sep-24,
45,DELITEA  SDN BHD,YASMIN,/,/,/,/,TTC1025,35,26-Aug-24,19-Nov-24,CLOSED,BARI,30-Aug-24,2-Sep-24,
46,THE JOHOR COLLECTION SDN BHD,YASMIN,/,/,/,/,TTC1026,16,27-Aug-24,7-Nov-24,CLOSED,BARI,12-Sep-24,3-Sep-24,
47,GOAT CHICKEN GROUPS SDN BHD,YASMIN,/,/,X,/,TTC1027,10,27-Aug-24,,INACTIVE,ZULHILMIE,2-Sep-24,2-Sep-24,
48,LIM CHIN ELECTRICAL ENGINEERING SDN BHD,MUIM,/,/,/,/,TTC1029,60,2-Sep-24,13-Nov-24,CLOSED,BARI,5-Sep-24,25-Sep-24,
49,INTERNATIONAL AERO TRAINING ACADEMY (IATAC),MUIM,/,/,X,X,X,65,2-Sep-24,30-Oct-24,CLOSED,BARI,5-Sep-24,10-Sep-24,
50,NUCLEUS SOFTWARE SOLUTIONS PTE LTD,NATT,/,X,X,X,X,30,3-Sep-24,13-Nov-24,CLOSED,BARI,13-Sep-24,N/A,
51,KUANTAN PORT CONSORTIUM SDN BHD,SULAIMAN,/,X,X,X,X,560,3-Sep-24,26-Mar-25,CLOSED,AMIRUL,N/A,N/A,
52,SYARIKAT MALURI SDN BHD,MUIM,/,/,X,/,TTC1030,150,4-Sep-24,26-Mar-25,CLOSED,AMIRUL,9-Sep-24,10-Sep-24,
53,OLIO RESOURCES SDN BHD,JIAJUN,/,X,X,X,X,65,4-Sep-24,7-Nov-24,CLOSED,BARI,19-Sep-24,10-Sep-24,
54,JIABI MANPOWER SDN BHD,JIAJUN,/,/,/,/,JIABIM,300,4-Sep-24,,DELAY,AMIRUL,13-Sep-24,N/A,
55,LESYDEAR AUTOMOBILE SDN BHD,EDWARD,/,/,/,/,LESYAM,90,4-Sep-24,,INACTIVE,AMIRUL,23-Sep-24,28-Oct-24,
56,IKATAN ASAS TRADING SDN BHD,YASMIN,/,/,/,/,IKTAST,110,5-Sep-24,26-Mar-25,CLOSED,AMIRUL,12-Sep-24,,
57,BINATEX SDN BHD,YASMIN,/,/,X,/,BINATX,300,5-Sep-24,,INACTIVE,AMIRUL,18-Sep-24,,
58,MALAYSIAN CLEANSING SERVICES SDN BHD,YASMIN,/,/,X,/,MCSSB,1500,5-Sep-24,,DELAY,AMIRUL,19-Sep-24,N/A,
59,MUAR LIONS TENAL CENTRE,TINA,/,X,X,X,X,40,6-Sep-24,13-Nov-24,CLOSED,BARI,N/A,N/A,
60,BIO HARVEST SDN BHD,JIAJUN,/,/,/,/,TTC1062,70,9-Sep-24,28-Feb-25,CLOSED,ZULHILMIE,7-Oct-24,N/A,
61,ALFA NOISE CONTROL SDN BHD,JIAJUN,/,/,/,/,ALFNCS,30,10-Sep-24,,INACTIVE,ZULHILMIE,24-Sep-24,8-Oct-24,
62,RASA-RASA MAGHREBI SDN. BHD.,EDWARD,/,/,/,/,RASAMA,10,10-Sep-24,,INACTIVE,ZULHILMIE,N/A,N/A,
63,SNSB RECYCLING SDN BHD,JIAJUN,/,X,X,/,SNSBRC,20,10-Sep-24,,INACTIVE,ZULHILMIE,N/A,N/A,
64,PUNCAK EMAS SDN BHD,JIAJUN,/,X,X,/,PCEMAS,10,10-Sep-24,,INACTIVE,ZULHILMIE,N/A,N/A,
65,DIDADEE SDN BHD,EDWARD,/,/,/,/,DIDADE,20,10-Sep-24,,INACTIVE,ZULHILMIE,19-Sep-24,24-Sep-24,
66,KAYANGAN CREATIVE,YASMIN,/,/,/,/,TTC1031,5,10-Sep-24,12-Nov-24,CLOSED,ZULHILMIE,19-Sep-24,24-Sep-24,
67,CPR 2 FEED SDN BHD,JIAJUN,X,/,X,X,X,10,10-Sep-24,27-Sep-24,CLOSED,ZULHILMIE,18-Sep-24,24-Sep-24,
68,DCTI (M) SDN BHD,JIAJUN,/,X,X,X,X,60,10-Sep-24,16-Oct-24,CLOSED,ZULHILMIE,13-Sep-24,24-Sep-24,
69,CP LEE SECURITY SDN BHD,JONATHAN,/,X,X,X,X,10,11-Sep-24,16-Oct-24,CLOSED,ZULHILMIE,20-Sep-24,24-Sep-24,
70,SNOWTEA SDN BHD,MUIM,/,/,X,/,TTC1051,10,11-Sep-24,23-Dec-24,CLOSED,ZULHILMIE,19-Sep-24,15-Oct-24,
71,LEGEND OF SNOW SDN BHD,MUIM,/,/,X,/,TTC1052,10,11-Sep-24,23-Dec-24,CLOSED,ZULHILMIE,19-Sep-24,15-Oct-24,
72,TIARA OPHIR SDN BHD,YASMIN,/,/,/,/,TTC1053,15,18-Sep-24,15-Nov-24,CLOSED,ZULHILMIE,19-Sep-24,8-Oct-24,
73,TRIUMPHANT GALLERY SDN BHD,JIAJUN,/,/,X,X,X,100,20-Sep-24,8-Nov-24,CLOSED,ZULHILMIE,23-Sep-24,1-Oct-24,
74,RJ VOGUE ENTERPRISE,YASMIN,/,X,X,/,TTC1036,20,20-Sep-24,17-Nov-24,CLOSED,ZULHILMIE,25-Sep-24,1-Oct-24,
75,UNIVERSAL TRAVELLER SHOP SDN BHD,EDWARD,/,X,/,X,X,250,20-Sep-24,30-Dec-24,CLOSED,ZULHILMIE,30-Sep-24,24-Sep-24,
76,PIPEWORKS SDN BHD,YASMIN,/,/,X,/,TTC1054,82,20-Sep-24,22-May-25,CLOSED,ZULHILMIE,26-Sep-24,1-Oct-24,
77,SOURCESPOT SDN BHD,JIAJUN,/,/,/,/,TTC1032,13,20-Sep-24,20-Dec-24,CLOSED,ZULHILMIE,24-Sep-24,1-Oct-24,
78,BUMI AGRICULTURE DEVELOPMENT SDN BHD,JIAJUN,/,X,X,X,X,10,20-Sep-24,16-Oct-24,CLOSED,ZULHILMIE,23-Sep-24,1-Oct-24,
79,ASIA ARTISAN PLT,YASMIN,/,/,/,/,TTC1055,20,24-Sep-24,,INACTIVE,ZULHILMIE,9-Oct-24,,
80,NAGASTEEL EQUIPMENT SDN BHD,SULAIMAN,/,/,X,X,X,20,26-Sep-24,,INACTIVE,ZULHILMIE,7-Oct-24,15-Oct-24,
81,PETROCLAMP SDN BHD,YASMIN,/,/,/,/,TTC1056,35,26-Sep-24,25-Feb-25,CLOSED,ZULHILMIE,7-Oct-24,1-Oct-24,
82,MECFIE ENGINEERING SDN BHD,JIAJUN,/,/,/,/,TTC1057,10,26-Sep-24,,INACTIVE,ZULHILMIE,3-Oct-24,8-Oct-24,
83,MTD CAPITAL GROUP,MUIM,/,X,X,X,X,200,27-Sep-24,5-Mar-25,CLOSED,ZULHILMIE,8-Oct-24,28-Sep-24,
84,AQUARIS OFFSHORE SDN BHD,YASMIN,/,/,X,X,X,40,27-Sep-24,26-Nov-24,CLOSED,ZULHILMIE,10-Oct-24,1-Oct-24,
85,ALLIED CONTAINER DEPOT SERVICES SDN BHD,EDWARD,/,X,X,X,X,25,27-Sep-24,22-Nov-24,CLOSED,ZULHILMIE,15-Oct-24,26-Nov-24,
86,LI REX SDN BHD,MUIM,/,X,X,X,X,180,27-Sep-24,8-Jan-25,CLOSED,ZULHILMIE,15-Oct-24,26-Nov-24,
87,SULING HILL DEVELOPMENT SDN BHD,YASMIN,/,/,/,/,TTC1034,10,1-Oct-24,26-Mar-25,CLOSED,ZULHILMIE,2-Oct-24,8-Oct-24,
88,TANG SAFETY MALAYSIA SDN BHD,YASMIN,/,/,X,/,TTC1058,5,2-Oct-24,26-Mar-25,CLOSED,ZULHILMIE,4-Oct-24,8-Oct-24,
89,CERGAS SETIA CONSTRUCTION SDN BHD,YASMIN,/,X,X,X,X,160,3-Oct-24,15-Nov-24,CLOSED,ZULHILMIE,7-Oct-24,15-Oct-24,
90,SWASTI AIRCARGO SDN BHD ,MUIM,/,/,/,/,TTC1045,5,8-Oct-24,3-Dec-24,CLOSED,ZULHILMIE,21-Oct-24,5-Nov-24,
91,EVERTS MALAYSIA SDN BHD,JIAJUN,/,/,X,/,EVERTS,530,26-Sep-24,26-Mar-25,CLOSED,AMIRUL,N/A,N/A,
92,[POC] TAIYO TECHNOLOGY SINGAPORE PTE LTD,JONATHAN,/,X,X,X,X,500,3-Oct-24,,INACTIVE,AMIRUL,11-Oct-24,N/A,
93,MEDIPULSE HEALTHCARE SDN BHD,YASMIN,/,/,X,/,TTC1038,129,14-Oct-24,23-Dec-24,CLOSED,AMIRUL,21-Oct-24,15-Oct-24,
94,MZ ENVIRO TESTING & CONSULTING (M) SDN BHD,FATIMAH,/,/,/,/,TTC1035,60,14-Oct-24,31-Dec-24,CLOSED,AMIRUL,18-Oct-24,28-Oct-24,
95,V CRITICAL ENGINERING SDN BHD,YASMIN,/,/,/,/,TTC1037,8,14-Oct-24,26-Mar-25,CLOSED,AMIRUL,18-Oct-24,28-Oct-24,
96,EDGE DESIGN AND CONTRACTS SDN BHD,FATIMAH,X,X,/,X,X,45,15-Oct-24,26-Nov-24,CLOSED,ZULHILMIE,24-Oct-24,N/A,
97,SSH MANUFACTURING SDN BHD,MUIM,/,/,X,/,TTC1047,150,15-Oct-24,26-Mar-25,CLOSED,AMIRUL,22-Oct-24,28-Oct-24,
98,MAJESTIC GEN SDN BHD,YASMIN,/,/,/,/,TTC1033,75,16-Oct-24,18-Nov-24,CLOSED,AMIRUL,28-Oct-24,8-Nov-24,
99,SE ACTIVE SDN BHD,YASMIN,/,X,X,X,X,10,16-Oct-24,21-Nov-24,CLOSED,ZULHILMIE,23-Oct-24,28-Oct-24,
100,SERI MEDICARE SDN BHD,FARHANAH,/,/,/,/,TTC1048,5,16-Oct-24,2-Jan-25,CLOSED,AMIRUL,5-Nov-24,12-Nov-24,
101,POLIKLINIK WE CARE,YASMIN,/,/,/,/,TTC1070,7,21-Oct-24,24-Apr-25,CLOSED,ZULHILMIE,4-Nov-24,12-Nov-24,
102,KLB CONVENIENT ,JIAJUN,/,X,X,/,TTC1071,80,21-Oct-24,,DELAY,ZULHILMIE,29-Oct-24,5-Nov-24,
103,SSE GROUP SDN BHD,YASMIN,/,X,/,/,TTC1040,60,21-Oct-24,26-Mar-25,CLOSED,AMIRUL,23-Oct-24,28-Oct-24,
104,HIGHLAND CARTEL SDN BHD,WIRSON,/,/,/,/,TTC1072,20,21-Oct-24,,DELAY,ZULHILMIE,25-Oct-24,N/A,
105,FLAME CAFE SDN BHD,JIAJUN,/,/,/,/,TTC1049,50,21-Oct-24,26-Mar-25,CLOSED,AMIRUL,28-Oct-24,5-Nov-24,
106,ORIGINALS LEGACY SDN BHD,YASMIN,/,/,/,/,TTC1073,8,23-Oct-24,,INACTIVE,ZULHILMIE,6-Nov-24,26-Nov-24,
107,UMJ ENGINEERING SDN BHD,FARHANAH,/,X,X,X,X,15,24-Oct-24,12-Nov-24,CLOSED,ZULHILMIE,28-Oct-24,5-Nov-24,
108,ABSOLUTE NEXUS SDN BHD,JONATHAN,/,/,/,/,TTC1050,80,10-Oct-24,,DELAY,AMIRUL,29-Oct-24,12-Nov-24,
109,DENLITE LETRIK SDN BHD,YASMIN,/,X,X,X,X,20,24-Oct-24,18-Nov-24,CLOSED,ZULHILMIE,5-Nov-24,26-Nov-24,
110,KARA VALLEY FARM SB,FARHANAH,/,/,/,/,TTC1074,5,25-Oct-24,12-Feb-25,CLOSED,ZULHILMIE,30-Oct-24,5-Nov-24,
111,KUNAFA FINGERS,JIAJUN,/,X,X,X,X,65,29-Oct-24,6-Dec-24,CLOSED,ADZZIM,6-Nov-24,N/A,
112,CMS SUPPLIES SDN BHD,YASMIN,/,/,X,/,TTC1046,7,29-Oct-24,12-Feb-25,CLOSED,AZRUL,5-Nov-24,12-Nov-24,
113,AK RETAIL SDN BHD,FARHANAH,/,/,X,/,TTC1044,22,29-Oct-24,,INACTIVE,ADZZIM,1-Nov-24,5-Nov-24,
114,AAC BAKERY SDN BHD,YASMIN,/,X,X,X,X,60,29-Oct-24,6-Dec-24,CLOSED,AZRUL,4-Nov-24,5-Nov-24,
115,JITU LOGISTICS SDN BHD,YASMIN,/,/,/,/,TTC1041,10,29-Oct-24,13-Dec-24,CLOSED,ADZZIM,1-Nov-24,5-Nov-24,
116,SYARIKAT PEMILIK DAN PEMANDU TEKSI BERHAD,JONATHAN,X,X,X,/,TTC1039,10,30-Oct-24,20-Jan-25,CLOSED,AZRUL,4-Nov-24,7-Nov-24,
117,PRO-QASEH TECHNIQUE SDN BHD,FARHANAH,/,/,/,/,TTC1042,17,1-Nov-24,12-Dec-24,CLOSED,ADZZIM,4-Nov-24,5-Nov-24,
118,AKTIO PACIFIC PTE LTD,JONATHAN,/,/,X,X,X,40,30-Oct-24,26-Mar-25,CLOSED,AMIRUL,13-Nov-24,26-Nov-24,
119,MY INTELLECT MANAGEMENT (M) SDN BHD,JIAJUN,/,/,/,/,TTC1043,10,1-Nov-24,12-Dec-24,CLOSED,ADZZIM,4-Nov-24,5-Nov-24,
120,AKADEMI KU RENANG,YASMIN,/,X,X,X,X,12,1-Nov-24,,INACTIVE,AZRUL,6-Nov-24,12-Nov-24,
121,PTT CORPORATION SDN BHD,YASMIN,/,/,X,/,TTC1059,30,4-Nov-24,20-Dec-24,CLOSED,ADZZIM,5-Nov-24,12-Nov-24,
122,NIHON PARKERIZING (MALAYSIA) SDN BHD,YASMIN,/,X,X,X,X,70,1-Nov-24,26-Nov-24,CLOSED,AZRUL,7-Nov-24,5-Nov-24,
123,SWIFT INTEGRATED LOGISTICS SDN BHD,FARHANAH,/,X,X,X,X,9,6-Nov-24,26-Nov-24,CLOSED,ADZZIM,7-Nov-24,12-Nov-24,
124,GO CAPITAL GROWTH SDN BHD,YASMIN,/,X,X,X,X,35,5-Nov-24,6-Dec-24,CLOSED,AZRUL,12-Nov-24,5-Nov-24,
125,SAUJANA MARINE SDN BHD,YASMIN,/,/,/,/,TTC1063,25,7-Nov-24,12-Feb-25,CLOSED,ADZZIM,14-Nov-24,26-Nov-24,
126,PARAMOUNT COWORKING SDN BHD,MUIM,/,X,X,X,X,26,7-Nov-24,20-Jan-25,CLOSED,AZRUL,12-Nov-24,26-Nov-24,
127,SYNBONE SDN BHD,YASMIN,/,/,X,/,TTC1069,110,8-Nov-24,26-Mar-25,CLOSED,AMIRUL,12-Nov-24,26-Nov-24,
128,COWASH PLT,FARHANAH,/,/,/,/,TTC1060,5,8-Nov-24,,INACTIVE,AZRUL,18-Nov-24,26-Nov-24,
129,CENTRIO MANAGEMENT SDN BHD,AZIZ,/,/,/,/,TTC1061,6,11-Nov-24,12-Feb-25,CLOSED,AZRUL,13-Nov-24,26-Nov-24,
130,JENCO MARKETING,AZIZ,/,/,/,/,TTC1064,5,11-Nov-24,17-Feb-25,CLOSED,AZRUL,19-Nov-24,4-Dec-24,
131,ASPIRES 165 SDN BHD,YASMIN,/,/,/,/,TTC1065,25,11-Nov-24,,INACTIVE,AZRUL,25-Nov-24,12-Nov-24,
132,PULIN SDN BHD,AZIZ,/,/,/,/,TTC1066,20,11-Nov-24,2-Jan-25,CLOSED,AZRUL,20-Nov-24,26-Nov-24,
133,JADE HILLS VETERINARY HOSPITAL SDN BHD,YASMIN,/,X,X,X,X,25,12-Nov-24,9-Dec-24,CLOSED,ADZZIM,19-Nov-24,26-Nov-24,
134,SDJ CONSTRUCTION,WIRSON,/,X,X,X,X,10,13-Nov-24,23-Dec-24,CLOSED,ADZZIM,22-Nov-24,26-Nov-24,
135,LOT 168 SELAYANG SDN BHD,JONATHAN,/,/,X,/,TTC1067,10,14-Nov-24,,INACTIVE,AZRUL,21-Nov-24,,
136,GPEX CENTRAL SDN BHD,FARHANAH,/,/,/,/,TTC1068,26,13-Nov-24,28-Feb-25,CLOSED,ADZZIM,26-Nov-24,27-Nov-24,
137,PALMINGTON SDN BHD,WIRSON,X,/,X,X,X,90,14-Nov-24,8-Jan-25,CLOSED,AZRUL,20-Nov-24,26-Nov-24,
138,ACE HOUSE ENTERPRISE,AZIZ,/,/,/,/,TTC1075,5,18-Nov-24,,INACTIVE,ADZZIM,25-Nov-24,3-Dec-24,
139,MELAKA WATERFRONT ECONOMIC ZONE CORPORATION,FATIMAH,/,X,X,X,X,30,18-Nov-24,26-Mar-25,CLOSED,AMIRUL,25-Nov-24,10-Dec-24,
140,FLEXINFRA SDN BHD,AZIZ,/,/,/,/,TTC1076,10,19-Nov-24,27-Dec-24,CLOSED,ADZZIM,26-Nov-24,27-Nov-24,
141,HUMANITARIAN CARE MALAYSIA BERHAD (MYCARE),AZIZ,X,X,X,/,TTC1077,35,19-Nov-24,27-Dec-24,CLOSED,NAJWA,27-Nov-24,28-Nov-24,
142,QUINTON BABY SDN BHD,JOSHUA,/,/,/,/,TTC1078,25,19-Nov-24,14-Feb-25,CLOSED,SYAZANA,27-Nov-24,9-Dec-24,
143,PEERHEALTH MALAYSIA SDN BHD,FATIMAH,X,X,X,/,TTC1079,100,14-Nov-24,31-Jan-25,CLOSED,SYAZANA,5-Dec-24,12-Dec-24,
144,NEWNISO SDN BHD,JOSHUA,/,/,/,/,TTC1080,100,21-Nov-24,27-Mar-25,CLOSED,NAJWA,28-Nov-24,3-Dec-24,
145,CALIFORNIA KL GROUP (M) SDN BHD,JOSHUA,/,X,X,X,X,54,22-Nov-24,6-Jan-25,CLOSED,NAJWA,27-Nov-24,3-Dec-24,
146,TS CONTINENTAL IMPEX SDN BHD,YASMIN,/,/,X,X,X,45,22-Nov-24,10-Mar-25,CLOSED,SYAZANA,28-Nov-24,3-Dec-24,
147,RIMBUNAN EKSPRESS SDN BHD,JOSHUA,/,/,/,/,TTC1081,103,22-Nov-24,21-Mar-25,CLOSED,NAJWA,2-Dec-24,3-Dec-24,
148,SISCA GERIK CAFE,AZIZ,/,X,X,/,TTC1082,5,22-Nov-24,,INACTIVE,SYAZANA,2-Dec-24,9-Dec-24,
149,J2M (MALAYSIA) SDN BHD,JOSHUA,/,/,/,/,TTC1083,50,22-Nov-24,21-Mar-25,CLOSED,NAJWA,2-Dec-24,4-Dec-24,
150,SUMITOMO CORPORATION MALAYSIA SDN BHD,MUIM,/,X,X,X,X,60,25-Nov-24,28-Feb-25,CLOSED,NAJWA,5-Dec-24,17-Dec-24,
151,EVERYDAY GOURMET SDN BHD,JOSHUA,/,/,/,/,TTC1084,100,25-Nov-24,26-May-25,CLOSED,SYAZANA,9-Dec-24,10-Dec-24,
152,NIMMIES PASTRY CAFE SDN BHD,MUIM,/,/,/,/,TTC1085,60,26-Nov-24,28-May-25,CLOSED,SYAZANA,2-Dec-24,26-Nov-24,
153,BRIGHTMARK SDN BHD  ,MUIM,/,/,/,/,TTC1086,70,26-Nov-24,18-Feb-25,CLOSED,NAJWA,12-Dec-24,17-Dec-24,
154,JURUCITA CONSULTANT,WIRSON,/,/,/,/,TTC1087,18,26-Nov-24,24-Feb-25,CLOSED,ZULHILMIE,28-Nov-24,3-Dec-24,
155,JURUCITA PROJECT SDN BHD,WIRSON,/,/,/,/,TTC1088,34,26-Nov-24,24-Feb-25,CLOSED,ZULHILMIE,28-Nov-24,3-Dec-24,
156,NOAHS HEALTHCARE,JOSHUA,/,/,X,/,TTC1089,7,27-Nov-24,26-Feb-25,CLOSED,ZULHILMIE,2-Dec-24,3-Dec-24,
157,THEFRENZ SDN BHD,MUIM,/,X,X,X,X,10,27-Nov-24,10-Mar-25,CLOSED,ZULHILMIE,29-Nov-24,3-Dec-24,
158,W WOMENS WELLNESS SDN BHD,AZIZ,/,/,/,/,TTC1091,10,27-Nov-24,7-May-25,CLOSED,ZULHILMIE,27-Mar-25,,
159,JAYCORP LVL SDN BHD,AZIZ,/,/,/,/,TTC1090,30,27-Nov-24,12-Feb-25,CLOSED,ZULHILMIE,28-Nov-24,,
160,AWAKEN DIGITAL SOLUTION,BARI,X,/,X,X,X,13,28-Nov-24,28-Feb-25,CLOSED,ZULHILMIE,10-Dec-24,,
161,ABJ FOOD AND BEVERAGES,BARI,/,/,/,/,TTC1092,10,28-Nov-24,27-Mar-25,CLOSED,ZULHILMIE,29-Nov-24,,
162,MAKES BUILDERS SDN BHD,JOSHUA,/,/,/,/,TTC1093,50,29-Nov-24,27-Mar-25,CLOSED,ZULHILMIE,5-Dec-24,9-Dec-24,
163,PEMBEKAL P & B SDN BHD,JOSHUA,/,/,/,/,TTC1094,150,29-Nov-24,27-Mar-25,CLOSED,ZULHILMIE,2-Dec-24,17-Dec-24,
164,CITARASA UNIQ SDN BHD,FATIMAH,X,/,X,X,X,80,29-Nov-24,14-Jan-25,CLOSED,ZULHILMIE,3-Dec-24,9-Dec-24,
165,AGENSI PEKERJAAN ALAMEEN SDN BHD,AZIZ,/,/,/,/,TTC1095,25,2-Dec-24,24-Apr-25,CLOSED,ZULHILMIE,6-Dec-24,,
166,PURE HEART VEGETARIAN SDN BHD,AZIZ,/,/,/,/,TTC1096,120,3-Dec-24,,DELAY,ZULHILMIE,18-Dec-24,3-Dec-24,
167,NEE SOON TEKNIK SDN BHD,YASMIN,/,/,X,X,X,160,4-Dec-24,28-Mar-25,CLOSED,ZULHILMIE,5-Dec-24,9-Dec-24,
168,FELCRA BERHAD RESEARCH AND DEVELOPMENT (R&D),YASMIN,/,X,X,/,TTC1097,70,5-Dec-24,,DELAY,ZULHILMIE,13-Jan-25,,
169,HABLEM OIL & GAS (M) SDN BHD,FARHANAH,/,/,/,/,TTC1098,33,5-Dec-24,7-Feb-25,CLOSED,ZULHILMIE,13-Dec-24,17-Dec-24,
170,5J PROPERTY SDN BHD,FARHANAH,X,X,X,/,TTC1099,25,5-Dec-24,11-Mar-25,CLOSED,ZULHILMIE,10-Dec-24,9-Dec-24,
171,GULF FREIGHT LINE SDN BHD,YASMIN,/,/,/,/,TTC1100,37,6-Dec-24,,DELAY,SYAZANA,10-Dec-24,3-Dec-24,
172,SYARIKAT A & R ENTERPRISE,BARI,/,/,X,/,TTC1101,49,9-Dec-24,16-Jan-25,CLOSED,NAJWA,13-Dec-24,9-Dec-24,
173,KST F&B ENTERPRISE,FARHANAH,/,/,/,/,TTC1102,5,9-Dec-24,26-Feb-25,CLOSED,SYAZANA,16-Dec-24,17-Dec-24,
174,PATTY'S PET HOTEL PLT,FARHANAH,/,/,/,/,TTC1103,5,9-Dec-24,3-Feb-25,CLOSED,NAJWA,12-Dec-24,9-Dec-24,
175,VIBEWORKS SDN BHD,FARHANAH,/,/,/,/,TTC1104,5,9-Dec-24,,INACTIVE,SYAZANA,12-Dec-24,17-Dec-24,
176,MYECO GROUP (MALAYSIA) SDN BHD,JONATHAN,/,X,X,/,TTC1191,60,9-Dec-24,27-Mar-25,CLOSED,NAJWA,10-Dec-24,17-Dec-24,
177,AF MARKETING SDN BHD,FARHANAH,/,/,/,/,TTC1106,42,9-Dec-24,14-Feb-25,CLOSED,SYAZANA,10-Dec-24,17-Dec-24,
178,1 INFINITE SOLUTION SDN BHD,BARI,/,/,/,/,TTC1107,5,10-Dec-24,6-Mar-25,CLOSED,NAJWA,13-Dec-24,17-Dec-24,
179,SONICTRON SDN BHD,JOSHUA,/,/,/,/,TTC1108,25,10-Dec-24,3-Feb-25,CLOSED,SYAZANA,13-Dec-24,9-Dec-24,
180,SZ AMEERA ENTERPRISE,FARHANAH,/,X,X,/,TTC1109,13,10-Dec-24,,INACTIVE,NAJWA,12-Dec-24,17-Dec-24,
181,OZI HOLDING SDN BHD,AZIZ,/,X,X,/,TTC1110,100,10-Dec-24,26-Mar-25,CLOSED,AMIRUL,15-Jan-25,17-Dec-24,
182,ANDERES FOURDY EVENTS SDN BHD,BARI,/,/,/,/,TTC1111,20,10-Dec-24,26-Mar-25,CLOSED,AMIRUL,16-Dec-24,17-Dec-24,
183,TAPEX ELECTRONIC SOLUTIONS (M) SDN BHD,BARI,/,/,X,/,TTC1112,14,10-Dec-24,26-Mar-25,CLOSED,AMIRUL,16-Dec-24,17-Dec-24,
184,VET RICH GLOBAL,FARHANAH,/,/,/,/,TTC1113,7,13-Dec-24,26-Mar-25,CLOSED,AMIRUL,13-Jan-25,14-Jan-25,
185,APEXCODE SDN BHD,AZIZ,X,/,X,X,X,5,13-Dec-24,31-Dec-24,CLOSED,AMIRUL,20-Dec-24,24-Dec-24,
186,FAZ FOOD STATION CATERING AND SERVICES,AZIZ,/,X,X,/,TTC1114,5,12-Dec-24,26-Mar-25,CLOSED,AMIRUL,23-Dec-24,2-Jan-25,
187,MULTI-FLEXI TECHNOLOGIES (M) SDN BHD,FARHANAH,X,/,X,/,TTC1115,11,13-Dec-24,3-Jan-25,CLOSED,AMIRUL,20-Dec-24,24-Dec-24,
188,MIHOSHI FINE FOODS,FARHANAH,/,/,/,/,TTC1116,6,13-Dec-24,26-Mar-25,CLOSED,AMIRUL,20-Dec-24,7-Jan-25,
189,MHA GENERASI UTAS ENTERPRISE,AZIZ,/,/,/,/,TTC1117,10,13-Dec-24,26-Mar-25,CLOSED,AMIRUL,20-Dec-24,30-Dec-24,
190,REACT MALAYSIA IP SDN BHD,AZIZ,/,/,X,X,X,18,13-Dec-24,7-Jan-25,CLOSED,AMIRUL,20-Dec-24,22-Jan-25,
191,NYERS IDEA VENTURE,BARI,/,/,X,X,X,5,16-Dec-24,3-Jan-25,CLOSED,AMIRUL,2-Jan-25,7-Jan-25,
192,KINTA RIVERFRONT HOTEL & SUITES SDN BHD,MUIM,/,/,X,/,TTC1118,110,16-Dec-24,26-Mar-25,CLOSED,AMIRUL,24-Dec-24,17-Dec-24,
193,DRONE TECH SDN BHD,AZIZ,/,/,/,/,TTC1119,10,16-Dec-24,26-Mar-25,CLOSED,AMIRUL,23-Dec-24,30-Dec-24,
194,HAMEESYA CLOTHING,FARHANAH,/,/,/,/,TTC1120,5,16-Dec-24,7-Jan-25,CLOSED,AMIRUL,23-Dec-24,30-Dec-24,
195,BERJAYA HARDWARE SDN BHD,AZIZ,/,/,/,/,TTC1121,20,16-Dec-24,,DELAY,AMIRUL,24-Dec-24,30-Dec-24,
196,DATAXET MALAYSIA SDN BHD,JOSHUA,/,/,/,/,TTC1122,100,16-Dec-24,7-Jan-25,CLOSED,AMIRUL,26-Dec-24,17-Dec-24,
197,TOOTHZY DENTAL CLINIC SDN BHD,FARHANAH,/,/,/,/,TTC1123,7,17-Dec-24,26-Mar-25,CLOSED,AMIRUL,24-Dec-24,7-Jan-25,
198,SEENER SDN BHD,FARHANAH,/,X,X,X,X,14,17-Dec-24,2-Jan-25,CLOSED,AMIRUL,26-Dec-24,30-Dec-24,
199,SHIN HUP HING MOTOR SDN BHD,MUIM,/,/,X,/,TTC1124,40,17-Dec-24,26-Mar-25,CLOSED,AMIRUL,27-Dec-24,17-Dec-24,
200,EXPERIVA SOLUTIONS,MUIM,/,/,/,/,TTC1125,8,17-Dec-24,26-Mar-25,CLOSED,AMIRUL,26-Dec-24,7-Jan-25,
201,CALDERA BIOMASS NETWORK MY SDN. BHD,MUIM,/,/,X,/,TTC1126,20,17-Dec-24,,DELAY,JOHN,26-Dec-24,30-Dec-24,
202,IGLOBAL ACADEMY (M) SDN BHD,FARHANAH,/,/,/,/,TTC1127,28,23-Dec-24,,DELAY,JOHN,23-Dec-24,30-Dec-24,
203,VALENCIA HOME FURNISHING SDN BHD,MUIM,/,X,X,X,X,63,18-Dec-24,27-Feb-25,CLOSED,HANIF,23-Dec-24,7-Jan-25,
204,SHIN-YO ENGINEERING SDN BHD,MUIM,/,/,X,X,X,46,18-Dec-24,21-Feb-25,CLOSED,HANIF,26-Dec-24,17-Dec-24,
205,OS TRIO TECHNOLOGY SDN BHD,MUIM,/,/,/,X,X,20,23-Dec-24,28-May-25,CLOSED,ZULHILMIE,23-Dec-24,7-Jan-25,
206,VID INNOVATION SDN BHD,FARHANAH,/,X,X,X,X,20,19-Dec-24,10-Apr-25,CLOSED,ZULHILMIE,24-Dec-24,30-Dec-24,
207,CF ROOFING SDN BHD,WIRSON,/,/,X,X,X,20,19-Dec-24,,DELAY,ZULHILMIE,24-Dec-24,30-Dec-24,
208,WIBAWA WORKS SDN BHD,AZIZ,/,X,X,X,X,30,20-Dec-24,28-May-25,CLOSED,ZULHILMIE,24-Dec-24,23-Dec-24,
209,INNOPEAK (M) SDN BHD,FARHANAH,/,/,/,/,TTC1128,30,20-Dec-24,28-May-25,CLOSED,ZULHILMIE,3-Jan-25,30-Dec-24,
210,CA CLEANING SERVICE SDN BHD,YASMIN,,,,,,1350,20-Dec-24,,DELAY,JOHN,N/A,N/A,
211,IT USAHA ENGINEERING SDN BHD,JIAJUN,,,,,,520,20-Dec-24,,DELAY,ZULHILMIE,N/A,N/A,
212,KEJURUTERAAN ANGGERIK HARUM AUTO (M) SDN BHD,FARHANAH,/,/,/,/,TTC1129,25,20-Dec-24,28-May-25,CLOSED,ZULHILMIE,26-Dec-24,30-Dec-24,
213,SP LOGISTIC SDN BHD,MUIM,/,/,X,X,X,450,23-Dec-24,24-Feb-25,CLOSED,HANIF,30-Dec-24,23-Dec-24,
214,SOUTH EAST ASIA IRON AND STEEL INSTITUTE,FARHANAH,/,/,/,/,TTC1130,10,24-Dec-24,,DELAY,JOHN,27-Dec-24,10-Feb-25,
215,IMPACTUS CREATIVE SOLUTIONS,FARHANAH,/,/,/,/,TTC1131,6,24-Dec-24,,DELAY,JOHN,27-Dec-24,,
216,TERACHI ELECTRICAL SERVICES SDN BHD,AZIZ,/,/,/,/,TTC1132,40,24-Dec-24,,DELAY,JOHN,3-Jan-25,30-Dec-24,
217,YMA BINA SDN BHD,FARHANAH,/,/,/,/,TTC1133,13,24-Dec-24,,DELAY,ZULHILMIE,30-Dec-24,7-Jan-25,
218,PRECISE HARVEST SDN BHD,MUIM,/,/,/,/,TTC1134,130,24-Dec-24,,DELAY,ZULHILMIE,30-Dec-24,7-Jan-25,
219,STANTECH SUCCESS ENGINEERING,WIRSON,/,X,X,X,X,10,24-Dec-24,28-May-25,CLOSED,ZULHILMIE,14-Jan-25,,
220,AWA CARE GROUP SDN BHD,FARHANAH,/,/,/,/,TTC1135,14,27-Dec-24,5-Mar-25,CLOSED,HANIF,30-Dec-24,7-Jan-25,
221,EBS NETWORK,FARHANAH,/,/,/,/,TTC1136,7,27-Dec-24,29-Apr-25,CLOSED,JOHN,3-Jan-25,,
222,SYSTEMS ELECTRONICS & ENGINEERING SDN. BHD,BARI,X,/,/,/,TTC1137,30,27-Dec-24,,DELAY,JOHN,3-Jan-25,30-Dec-24,
223,I STRADA SDN. BHD,FARHANAH,/,/,/,/,TTC1138,13,27-Dec-24,28-May-25,CLOSED,ZULHILMIE,31-Dec-24,7-Jan-25,
224,ZON RIA (M) SDN BHD (NEW),FATIMAH,/,X,X,X,X,500,27-Dec-24,21-Apr-25,CLOSED,ZULHILMIE,31-Dec-24,N/A,
225,NUWAYR CARE AND SERVICES SDN BHD,FARHANAH,/,/,/,/,TTC1139,6,27-Dec-24,,DELAY,JOHN,2-Jan-25,7-Jan-25,
226,KUEH BAKOR BY SUGARBAKE,FARHANAH,/,/,X,X,X,50,6-Jan-25,,DELAY,JOHN,6-Jan-25,7-Jan-25,
227,ZAKARIA&SONS PRECIOUS METALS (MALAYSIA) SDN BHD,BARI,/,/,X,/,TTC1140,60,27-Dec-24,,DELAY,JOHN,15-Jan-25,,
228,DATACRYPTIC TECHNOLOGIES SDN BHD - NEW,AZIZ,/,/,/,/,TTC1141,90,27-Dec-24,,DELAY,JOHN,6-Jan-25,30-Dec-24,
229,ESW GLOBAL GROUP SDN BHD,BARI,/,/,/,/,TTC1142,14,27-Dec-24,,DELAY,ZULHILMIE,2-Jan-25,14-Jan-25,
230,PROJEK LINTASAN KOTA HOLDINGS SDN BHD,JONATHAN,/,X,X,X,X,850,27-Dec-24,,DELAY,ZULHILMIE,2-Jan-25,14-Jan-25,
231,INTRIOUS TECHNOLOGY SDN BHD,JONATHAN,/,/,/,/,TTC1143,10,30-Dec-24,,INACTIVE,JOHN,7-Jan-25,14-Jan-25,
232,SISTERGOJES EMPIRE,FARHANAH,/,/,/,/,TTC1144,7,30-Dec-24,,INACTIVE,JOHN,13-Jan-25,14-Jan-25,
233,FAMOUS WORLD MEDIA SDN BHD,BARI,/,/,X,/,TTC1169,11,26-Dec-24,,INACTIVE,ZULHILMIE,14-Jan-25,,
234,MCTRONIC INDUSTRIES SDN BHD,AZIZ,/,X,X,/,TTC1145,130,30-Dec-24,18-Apr-25,CLOSED,ZULHILMIE,13-Jan-25,30-Dec-24,
235,SALOMA LEGACY SDN BHD,BARI,/,/,/,/,TTC1146,80,30-Dec-24,,DELAY,ZULHILMIE,7-Jan-25,,
236,PUSAT TUISYEN PRIMA GENIUS,AZIZ,/,/,X,X,X,15,30-Dec-24,19-Feb-25,CLOSED,HANIF,9-Jan-25,14-Jan-25,
237,PROJECTION HOUSE SDN BHD,BARI,/,X,X,/,TTC1147,30,30-Dec-24,,DELAY,JOHN,6-Jan-25,,
238,PUSAT PERKEMBANGAN MINDA CAKNA GEMILANG SDN BHD,BARI,/,/,/,/,TTC1148,12,30-Dec-24,,DELAY,ZULHILMIE,10-Jan-25,,
239,ZULAT PHARMACY SDN BHD,JOSHUA,/,/,X,X,X,31,30-Dec-24,9-Apr-25,CLOSED,ZULHILMIE,10-Jan-25,7-Jan-25,
240,HOMEAZ FURNISHING SDN BHD,JONATHAN,/,/,/,/,TTC1149,10,30-Dec-24,,DELAY,JOHN,9-Jan-25,14-Jan-25,
241,DSC EMPIRE,BARI,/,/,/,/,TTC1150,10,30-Dec-24,,DELAY,SYAZANA,7-Jan-25,14-Jan-25,
242,ZERO WASTE EARTH STORE,AZIZ,X,X,X,/,TTC1151,5,6-Jan-25,19-Feb-25,CLOSED,NAJWA,6-Jan-25,9-Jan-25,
243,CHAN CHEE KHEONG & BROTHERS TRAVEL SDN BHD,MUIM,/,X,X,/,TTC1152,30,6-Jan-25,,DELAY,SYAZANA,6-Jan-25,7-Jan-25,
244,GANESH AZHAR & ASSOCIATES,FARHANAH,/,/,/,/,TTC1153,13,7-Jan-25,13-Feb-25,CLOSED,NAJWA,7-Jan-25,8-Jan-25,
245,INTER TOOL GROW TECH SDN BHD,FARHANAH,/,/,/,/,TTC1154,140,31-Dec-24,,DELAY,AMIRUL,10-Jan-25,14-Jan-25,
246,KATZEN EMPORIUM,AZIZ,/,/,/,/,TTC1155,5,2-Jan-25,,INACTIVE,NAJWA,10-Jan-25,14-Jan-25,
247,LORI KREN J.B.,AZIZ,/,/,/,/,TTC1157,6,6-Jan-25,,DELAY,SYAZANA,6-Jan-25,7-Jan-25,
248,CAITANYA RESOURCES SDN BHD,AZIZ,/,X,X,/,TTC1158,40,3-Jan-25,,DELAY,NAJWA,8-Jan-25,14-Jan-25,
249,RAP LANDSCAPE SDN BHD,YASMIN,/,/,/,/,TTC1159,60,3-Jan-25,,DELAY,SYAZANA,7-Jan-25,14-Jan-25,
250,SYNERGY PROFESSIONAL SERVICES (MALAYSIA) SDN. BHD.,BARI,/,/,/,/,TTC1160,50,3-Jan-25,,INACTIVE,NAJWA,8-Jan-25,14-Jan-25,
251,HUMAN HARMONY HUB,BARI,/,/,/,/,TTC1161,20,3-Jan-25,,INACTIVE,SYAZANA,10-Jan-25,7-Jan-25,
252,SOLAREUM SOLUTIONS SDN BHD,MUIM,X,/,X,X,X,5,7-Jan-25,21-Mar-25,CLOSED,NAJWA,7-Jan-25,8-Jan-25,
254,TWINLINE EXHIBIT SDN BHD,FARHANAH,/,/,/,/,TTC1164,7,3-Jan-25,,DELAY,NAJWA,8-Jan-25,14-Jan-25,
253,IBNU SINA WELLNESS SDN BHD,AZIZ,/,/,/,/,TTC1162,20,3-Jan-25,,INACTIVE,SYAZANA,9-Jan-25,14-Jan-25,
255,CMT LOGISTIC WAREHOUSING (M) SDN BHD,YASMIN,/,/,/,/,TTC1195,50,4-Feb-25,,INACTIVE,SYAZANA,4-Feb-25,7-Jan-25,
256,ALL DAY PHARMACY SDN BHD,FARHANAH,/,/,X,X,X,100,30-Dec-24,18-Feb-25,CLOSED,NAJWA,9-Jan-25,30-Dec-24,
257,FLC NIAGA SDN BHD,AZIZ,/,/,/,/,TTC1170,8,6-Jan-25,,INACTIVE,SYAZANA,14-Jan-25,21-Jan-25,
258,OSCENIA NETWORK TECHNOLOGY SDN.BHD,MUIM,/,/,X,X,X,45,7-Jan-25,21-Mar-25,CLOSED,NAJWA,8-Jan-25,14-Jan-25,
259,CARTIER CREATIVE SDN BHD,BARI,/,/,/,X,X,7,10-Jan-25,19-Mar-25,CLOSED,SYAZANA,10-Jan-25,14-Jan-25,
260,I-XEON TECHNOLOGIES SDN BHD,JOSHUA,/,/,/,/,TTC1163,30,7-Jan-25,14-May-25,CLOSED,AIMAN,9-Jan-25,14-Jan-25,
261,BRAS VENTURE BHD,JOSHUA,/,/,/,/,TTC1165,80,7-Jan-25,26-May-25,CLOSED,SYAZANA,13-Jan-25,21-Jan-25,
262,ES OTOMATION SDN BHD,JONATHAN,/,/,/,/,TTC1156,26,7-Jan-25,28-Feb-25,CLOSED,NAJWA,16-Jan-25,7-Jan-25,
263,NIK HISHAM FAKIHAH & CO.,FATIMAH,/,X,X,X,X,25,8-Jan-25,4-Mar-25,CLOSED,SYAZANA,16-Jan-25,21-Jan-25,
264,TOP KOKOA SDN BHD,BARI,/,/,/,/,TTC1166,35,8-Jan-25,24-Apr-25,CLOSED,NAJWA,14-Jan-25,14-Jan-25,
265,MAXSMART SDN BHD,FARHANAH,/,X,X,X,X,7,13-Jan-25,25-Feb-25,CLOSED,SYAZANA,13-Jan-25,14-Jan-25,
266,BORNEO HARVEST TECH PLT,BARI,/,/,/,/,TTC1167,5,10-Jan-25,12-Feb-25,CLOSED,NAJWA,13-Jan-25,14-Jan-25,
267,CSME CONSORTIUM,FARHANAH,/,/,/,/,TTC1176,10,10-Jan-25,28-May-25,CLOSED,SYAZANA,17-Jan-25,21-Jan-25,
268,HAIRSTORY CAPITAL SDN BHD,JOSHUA,/,/,/,/,TTC1168,100,10-Jan-25,,DELAY,NAJWA,14-Jan-25,18-Feb-25,
269,PERSATUAN HOTEL MALAYSIA (MALAYSIAN ASSOCIATION OF HOTELS),FARHANAH,/,/,X,X,X,20,13-Jan-25,26-May-25,CLOSED,SYAZANA,21-Jan-25,4-Feb-25,
270,W&L ASIA SDN BHD,AZIZ,/,/,/,/,TTC1250,32,13-Jan-25,,DELAY,NAJWA,26-Mar-25,8-Apr-25,
271,PNP WAREHOUSING SDN BHD,WIRSON,/,/,/,/,TTC1181,13,21-Jan-25,26-May-25,CLOSED,SYAZANA,21-Jan-25,4-Feb-25,
272,SHENZHENG DEVELOPMENT & CONSTRUCTION (MALAYSIA) SDN BHD,BARI,/,/,/,/,TTC1171,20,14-Jan-25,6-Mar-25,CLOSED,NAJWA,16-Jan-25,21-Jan-25,
273,SNT GLOBAL LOGISTICS SDN BHD,MUIM,/,X,X,X,X,50,24-Jan-25,26-May-25,CLOSED,SYAZANA,24-Jan-25,21-Jan-25,
274,INTEGRATUS ENERGY SERVICES SDN BHD,BARI,/,/,/,/,TTC1178,50,15-Jan-25,13-Mar-25,CLOSED,NAJWA,21-Jan-25,14-Jan-25,
275,WIJAYA PARTNERS SDN BHD,JOSHUA,X,/,X,/,TTC1175,40,15-Jan-25,,INACTIVE,SYAZANA,20-Jan-25,21-Jan-25,
276,TOTA STEEL ENTERPRISE SDN BHD,JOSHUA,/,X,X,/,TTC1184,50,15-Jan-25,,DELAY,NAJWA,22-Jan-25,14-Jan-25,
277,ASAL BINA SDN BHD,JOSHUA,/,X,X,X,X,50,15-Jan-25,3-Mar-25,CLOSED,SYAZANA,21-Jan-25,4-Feb-25,
278,ERYNAS PMC SDN BHD,BARI,/,/,/,/,TTC1182,7,23-Jan-25,14-May-25,CLOSED,NAJWA,23-Jan-25,4-Feb-25,
279,DATHERMARK (M) SDN BHD,FARHANAH,/,/,/,/,TTC1177,12,20-Jan-25,,DELAY,SYAZANA,20-Jan-25,21-Jan-25,
280,ILMI INFINITY RESOURCES,FARHANAH,/,/,/,/,TTC1180,12,21-Jan-25,23-Apr-25,CLOSED,NAJWA,21-Jan-25,21-Jan-25,
281,BLUE BOX ASIA SDN BHD,FARHANAH,/,/,/,/,TTC1173,5,20-Jan-25,21-Mar-25,CLOSED,SYAZANA,20-Jan-25,21-Jan-25,
282,WARISAN TARANG CONSTRUCTION SDN BHD,BARI,X,/,X,/,TTC1183,10,23-Jan-25,,DELAY,NAJWA,23-Jan-25,5-Feb-25,
283,STAR TECH DISTRIBUTION SDN BHD,FATIMAH,/,/,X,X,X,20,16-Jan-25,25-Feb-25,CLOSED,SYAZANA,20-Jan-25,21-Jan-25,
284,ASIA AERO ENGINEERING SDN BHD,FATIMAH,X,X,X,/,TTC1172,12,22-Jan-25,25-Feb-25,CLOSED,NAJWA,22-Jan-25,21-Jan-25,
285,YD SEA ELECTRONIC TECHNOLOGY SDN BHD,AZIZ,/,/,/,/,TTC1174,15,21-Jan-25,,DELAY,ZULHILMIE,21-Jan-25,,
286,AHF INDUSTRIES SDN BHD,FARHANAH,/,X,X,X,X,6,22-Jan-25,20/3/2025,CLOSED,SYAZANA,22-Jan-25,4-Feb-25,
287,SOMETHING BAKERY (M) SDN BHD,AZIZ,/,/,/,/,TTC1186,40,20-Jan-25,,DELAY,NAJWA,24-Jan-25,4-Feb-25,
288,IDEAL PROPERTY SERVICES,FARHANAH,/,/,/,/,TTC1192,6,20-Jan-25,,DELAY,SYAZANA,27-Jan-25,4-Feb-25,
289,SUPERDOUGH SDN BHD,JOSHUA,/,/,/,/,TTC1188,100,24-Jan-25,,DELAY,NAJWA,24-Jan-25,21-Jan-25,
290,EJRAH VENTURES,FARHANAH,/,/,/,/,TTC1185,11,23-Jan-25,26-May-25,CLOSED,SYAZANA,23-Jan-25,4-Feb-25,
291,KINRARA TYRES & AUTO ACCESSORIES,BARI,/,/,/,/,TTC1190,8,21-Jan-25,,DELAY,NAJWA,27-Jan-25,4-Feb-25,
292,OSCENIA NETWORK TECHNOLOGY SDN. BHD.,MUIM,X,X,/,X,X,45,21-Jan-25,21-Mar-25,CLOSED,NAJWA,4-Feb-25,4-Feb-25,
293,LEARNING STEPS SDN BHD,AZIZ,/,/,X,X,X,6,21-Jan-25,,INACTIVE,SYAZANA,13-Feb-25,18-Feb-25,
294,FAST EXCEL TRADING & SERVICES SDN BHD,AZIZ,/,X,X,X,X,5,21-Jan-25,17-Mar-25,CLOSED,SYAZANA,28-Jan-25,4-Feb-25,
295,KUEH BAKOR BY SUGARBAKE,FARHANAH,X,X,X,/,TTC1212,50,22-Jan-25,,DELAY,JOHN,27-Jan-25,,
296,ULTRA SPORTS CENTER SDN BHD,JONATHAN,/,X,X,X,X,5,22-Jan-25,26-May-25,CLOSED,SYAZANA,27-Jan-25,4-Feb-25,
297,HS CREATIVE RESOURCES SDN BHD,BARI,/,/,/,/,TTC1198,55,22-Jan-25,,DELAY,NAJWA,7-Feb-25,10-Feb-25,
298,POWERCORE RESOURCE SDN BHD,BARI,/,/,X,/,TTC1187,50,24-Jan-25,,DELAY,SYAZANA,24-Jan-25,10-Feb-25,
299,MISTY SDN BHD,AZIZ,/,/,X,/,TTC1200,10,24-Jan-25,,INACTIVE,NAJWA,6-Feb-25,10-Feb-25,
300,PRO S CONSULT PLT,BARI,/,/,/,/,TTC1193,9,27-Jan-25,26-May-25,CLOSED,SYAZANA,27-Jan-25,4-Feb-25,
301,KFJ DRINK SDN BHD,FARHANAH,/,/,/,/,TTC1206,30,12-Feb-25,,DELAY,AMIRUL,12-Feb-25,18-Feb-25,
302,MAMEEN GROUP SDN BHD,BARI,/,X,X,/,TTC1197,60,27-Jan-25,,DELAY,ZULHILMIE,31-Jan-25,4-Feb-25,
303,RAKYAT TRUSTEE BERHAD,BARI,/,/,/,/,TTC1209,16,28-Jan-25,15-Apr-25,CLOSED,AMIRUL,7-Feb-25,,
304,KLINIK LIRRA (M) SDN BHD,AZIZ,/,/,X,/,TTC1196,5,28-Jan-25,,DELAY,ZULHILMIE,31-Jan-25,4-Feb-25,
305,im,MUIM,/,X,X,X,X,90,28-Jan-25,26-Mar-25,CLOSED,AMIRUL,5-Feb-25,18-Feb-25,
306,RUEGER SDN BHD,BARI,/,/,/,/,TTC1194,30,3-Feb-25,,DELAY,ZULHILMIE,3-Feb-25,,
307,TOP SLINGS TRADING SDN BHD,JOSHUA,/,/,/,/,TTC1205,123,13-Feb-25,,DELAY,AMIRUL,13-Feb-25,18-Feb-25,
308,SOGNO COFFEE SDN BHD,AZIZ,/,/,/,/,TTC1199,50,5-Feb-25,,DELAY,ZULHILMIE,6-Feb-25,10-Feb-25,
309,GENBIRA SERDANG SDN BHD,FARHANAH,/,/,/,/,TTC1204,5,6-Feb-25,15-Apr-25,CLOSED,AMIRUL,14-Feb-25,18-Feb-25,
310,YAYASAN WARISAN JOHOR,JONATHAN,/,X,X,X,X,164,7-Feb-25,26-Mar-25,CLOSED,ZULHILMIE,17-Feb-25,4-Mar-25,
311,RAJWINJIT ASYRAF & PARTNERS,AZIZ,/,/,/,/,TTC1208,5,7-Feb-25,,DELAY,AMIRUL,17-Feb-25,18-Feb-25,
312,DYNAMIC MOTORS SDN BHD,FARHANAH,/,/,/,/,TTC1201,40,10-Feb-25,,DELAY,ZULHILMIE,12-Feb-25,18-Feb-25,
313,EXQUISITE KITCHEN SDN BHD,FARHANAH,/,/,/,/,TTC1211,10,19-Feb-25,15-Apr-25,CLOSED,AMIRUL,19-Feb-25,4-Mar-25,
314,URBAN DESIGNS STUDIO,AZIZ,/,/,/,/,TTC1202,30,10-Feb-25,28-Mar-25,CLOSED,ZULHILMIE,13-Feb-25,18-Feb-25,
315,PKPS EHSAN MARKETING SDN BHD,AZIZ,/,X,X,/,TTC1203,60,12-Feb-25,15-Apr-25,CLOSED,AMIRUL,14-Feb-25,18-Feb-25,
316,SG TAN ELECTRICAL & PHOTO CENTRE,BARI,/,/,X,/,TTC1217,13,13-Feb-25,,DELAY,ZULHILMIE,24-Feb-25,,
317,SEED CONTACT LENS (M) SDN BHD,FARHANAH,/,/,/,/,TTC1207,18,18-Feb-25,,DELAY,AMIRUL,18-Feb-25,4-Mar-25,
318,TRIADZ FITNESS SDN BHD,AZIZ,/,/,/,/,TTC1215,5,14-Feb-25,27-Mar-25,CLOSED,ZULHILMIE,19-Feb-25,4-Mar-25,
319,MOFAJAYA SERVICES,AZIZ,/,/,/,/,TTC1218,20,17-Feb-25,26-May-25,CLOSED,AMIRUL,24-Feb-25,4-Mar-25,
320,ENZAC ENGINEERING SOLUTION SDN BHD,BARI,/,/,/,/,TTC1210,10,18-Feb-25,,DELAY,ZULHILMIE,18-Feb-25,4-Mar-25,
321,WINWELL CONTRACTS SDN. BHD.,FARHANAH,/,/,/,/,TTC1216,30,18-Feb-25,,DELAY,AIMAN,25-Feb-25,18-Feb-25,
322,MIMM TRAVEL & TOURS SDN BHD,JOSHUA,/,/,/,/,TTC1214,36,18-Feb-25,,DELAY,AIMAN,24-Feb-25,4-Mar-25,
323,AGENSI PEKERJAAN BITZ (M) SDN BHD,JOSHUA,/,/,X,X,X,300,26-Feb-25,18-Apr-25,CLOSED,AIMAN,26-Feb-25,18-Feb-25,
324,SUCCEO RETAIL SDN BHD,JOSHUA,/,X,X,X,X,64,24-Feb-25,,DELAY,AIMAN,24-Feb-25,18-Feb-25,
325,PEMETRA WATER SOLUTION SDN BHD,FARHANAH,/,/,/,/,TTC1219,13,25-Feb-25,26-May-25,CLOSED,AIMAN,25-Feb-25,4-Mar-25,
326,ATFL MEDIA SDN BHD,MUIM,/,/,X,X,X,20,20-Feb-25,11-Apr-25,CLOSED,AIMAN,10-Mar-25,19-Mar-25,
327,MACCO MELTON SDN BHD,BARI,/,/,/,/,TTC1222,15,21-Feb-25,,DELAY,AIMAN,28-Feb-25,4-Mar-25,
328,NAZIMO LEGACY SDN BHD,BARI,/,/,/,/,TTC1213,9,21-Feb-25,,DELAY,AIMAN,6-Mar-25,11-Mar-25,
329,MACHT ENGINEERING SERVICES SDN BHD,BARI,/,/,/,/,TTC1220,5,26-Feb-25,22-May-25,CLOSED,AIMAN,26-Feb-25,4-Mar-25,
330,MITRASHAZ SDN BHD,AZIZ,/,/,/,/,TTC1225,7,21-Feb-25,,DELAY,AIMAN,3-Mar-25,11-Mar-25,
331,LSH RADIANT SDN BHD,JOSHUA,/,/,/,/,TTC1224,10,3-Mar-25,,DELAY,AIMAN,3-Mar-25,4-Mar-25,
332,BLESSING DENTAL SDN BHD,FARHANAH,X,/,X,/,TTC1221,11,27-Feb-25,19-May-25,CLOSED,AIMAN,27-Feb-25,4-Mar-25,
333,QUALITY HOMES REALTY (M) SDN. BHD.,FARHANAH,/,/,/,/,TTC1223,8,28-Feb-25,,DELAY,AIMAN,28-Feb-25,4-Mar-25,
334,FORMTRI IDEA SDN BHD,AZIZ,/,/,/,/,TTC1228,59,4-Mar-25,9-May-25,CLOSED,AIMAN,4-Mar-25,11-Mar-25,
335,THE COOL (MALAYSIA) SDN BHD,JOSHUA,/,/,X,X,X,100,25-Feb-25,8-Apr-25,CLOSED,AIMAN,3-Mar-25,4-Mar-25,
336,BIG FAMILY RESTAURANT SDN BHD,JOSHUA,/,/,X,X,X,70,4-Mar-25,,DELAY,JOHN,4-Mar-25,11-Mar-25,
337,MAJLIS PERBANDARAN BATU PAHAT,MUIM,/,X,X,X,X,400,27-Feb-25,8-May-25,CLOSED,AIMAN,27-Feb-25,4-Mar-25,
338,VTO MOTOR & LG GLOBAL,AZIZ,X,/,/,X,X,17,25-Feb-25,20-May-25,CLOSED,AIMAN,5-Mar-25,11-Mar-25,
339,PRO-TEAM EVENT MANAGEMENT SDN BHD,AZIZ,/,/,X,X,X,6,4-Mar-25,,DELAY,AIMAN,5-Mar-25,11-Mar-25,
340,GREYSTONE MANAGEMENT SDN BHD,JOSHUA,/,/,/,/,TTC1229,27,5-Mar-25,20-May-25,CLOSED,AIMAN,5-Mar-25,11-Mar-25,
341,PERMINT GRANITE SDN BHD,AZIZ,/,/,/,/,TTC1233,20,5-Mar-25,,DELAY,AIMAN,4-Mar-25,11-Mar-25,
342,AGROV SDN BHD,BARI,/,/,/,/,TTC1230,20,5-Mar-25,21-May-25,CLOSED,AIMAN,6-Mar-25,11-Mar-25,
343,MEISHANG COSMETICS MALAYSIA SDN BHD,AZIZ,X,X,X,/,TTC1232,7,27-Feb-25,12-Apr-25,CLOSED,AIMAN,6-Mar-25,11-Mar-25,
344,MY KOFITIAM (SEMAMBU) SDN BHD,AZIZ,/,/,X,/,TTC1227,15,4-Mar-25,,DELAY,AIMAN,4-Mar-25,5-Mar-25,
345,RENEWCELL SDN BHD,FARHANAH,/,/,/,/,TTC1226,12,4-Mar-25,,DELAY,AIMAN,4-Mar-25,11-Mar-25,
346,SUNWAY PAPER PRODUCT,BARI,X,X,X,/,TTC0231,5,5-Mar-25,11-Apr-25,CLOSED,AIMAN,5-Mar-25,6-Mar-25,
347,RUSH BABY SDN BHD,BARI,/,/,/,/,TTC1258,11,28-Feb-25,,DELAY,AIMAN,12-Mar-25,19-Mar-25,
348,WSC HARVEST SDN BHD,AZIZ,X,X,X,/,TTC1234,5,28-Feb-25,2-May-25,CLOSED,AIMAN,7-Mar-25,11-Mar-25,
349,SOUTH EAST ASIA AUTO PARTS SDN BHD,BARI,/,/,X,X,X,100,3-Mar-25,,DELAY,AIMAN,20-Mar-25,11-Mar-25,
350,WINSHINE INDUSTRIES SDN BHD,FATIMAH,/,X,X,X,X,40,3-Mar-25,,INACTIVE,AIMAN,18-Mar-25,25-Mar-25,
351,MYDEEN JUTAWAN SDN BHD,FARHANAH,/,X,X,/,TTC1235,32,3-Mar-25,,OPEN,AIMAN,7-Mar-25,11-Mar-25,
352,NG PERSONALIZED SKIN SOLUTIONS,FARHANAH,/,/,/,/,TTC1236,5,4-Mar-25,2-May-25,CLOSED,AIMAN,11-Mar-25,19-Mar-25,
353,TH COMMUNICATION SDN BHD,JONATHAN,/,/,/,/,TTC1238,40,5-Mar-25,,DELAY,AIMAN,17-Mar-25,11-Mar-25,
354,VS SURIAJAYA SDN BHD,FARHANAH,/,X,X,X,X,10,5-Mar-25,,INACTIVE,AIMAN,11-Mar-25,19-Mar-25,
355,IT USAHA ENGINEERING SDN BHD,FATIMAH,X,X,/,X,X,92,5-Mar-25,,DELAY,ZULHILMIE,11-Mar-25,,
356,VCORP CAPITAL ADVISORY SDN BHD,AZIZ,X,/,X,/,TTC1242,5,6-Mar-25,19-May-25,CLOSED,AIMAN,12-Mar-25,19-Mar-25,
357,PLM INTERIORS SDN BHD ,AZIZ,/,X,X,X,X,40,6-Mar-25,5-May-25,CLOSED,AIMAN,14-Mar-25,19-Mar-25,
358,MACROLITE SDN BHD,FATIMAH,X,X,X,/,MACLSB,30,6-Mar-25,,DELAY,AIMAN,11-Mar-25,13-Mar-25,
359,W SQUARE JV DESIGN & BUILD SDN BHD,JONATHAN,/,/,/,/,TTC1231,10,7-Mar-25,,DELAY,AIMAN,13-Mar-25,19-Mar-25,
360,KING HUP MOTORS SDN BHD,JONATHAN,/,/,/,/,TTC1241,40,7-Mar-25,,DELAY,AIMAN,10-Mar-25,11-Mar-25,
361,T&K SEAFOOD RESTORAN,FARHANAH,/,X,X,/,TTC1301,11,8-Mar-25,,OPEN,HANIS,6-May-25,,
362,MAGNUS MANAGEMENT SERVICES,FARHANAH,/,/,/,/,TTC1245,12,11-Mar-25,,OPEN,HANIS,20-Mar-25,8-Apr-25,
363,KOM TECHNOLOGIES (M) SDN BHD,MUIM,/,/,/,/,TTC1239,260,12-Mar-25,,OPEN,JOHN,21-Mar-25,,
364,REDTECH OFFSHORE SDN BHD,MUIM,/,/,/,/,TTC1240,18,12-Mar-25,22-May-25,CLOSED,JOHN,17-Mar-25,19-Mar-25,
365,SHANG HEIGHT REALTY SDN BHD,FATIMAH,/,/,X,/,TTC1277,50,13-Mar-25,,OPEN,JOHN,24-Mar-25,8-Apr-25,
366,ALIF TRAVEL & TOURS SDN BHD,AZIZ,/,/,/,/,TTC1247,5,14-Mar-25,,OPEN,HANIS,24-Mar-25,25-Mar-25,
367,ADEL ADYANA ELEGANCE SDN BHD,AZIZ,/,/,X,/,TTC1244,52,14-Mar-25,,OPEN,JOHN,24-Mar-25,19-Mar-25,
368,SA ARCHITECTS SDN BHD,JOSHUA,/,X,X,X,X,200,14-Mar-25,21-May-25,CLOSED,JOHN,24-Mar-25,8-Apr-25,
369,ORIENTAL FOREST F&B SDN BHD,FARHANAH,/,/,/,/,TTC1243,40,19-Mar-25,,OPEN,JOHN,21-Mar-25,8-Apr-25,
370,PET BOSS CENTRE CASH AND CARRY SDN BHD,FARHANAH,/,/,/,/,TTC1248,20,19-Mar-25,,OPEN,HANIS,25-Mar-25,25-Mar-25,
371,CONTISO ENGINEERING SDN BHD,AZIZ,/,/,/,/,TTC1252,30,19-Mar-25,,INACTIVE,JOHN,27-Mar-25,8-Apr-25,
372,CHAN BROTHER (PK) TRAVEL AGENCY SDN BHD,MUIM,/,X,X,X,X,20,19-Mar-25,29-May-25,CLOSED,HANIS,25-Mar-25,15-Apr-25,
373,STUDIO RAWR PICTURES SDN BHD,JOSHUA,/,/,X,/,TTC1246,23,19-Mar-25,,OPEN,HANIS,24-Mar-25,25-Mar-25,
374,YONG MIN OFFICE AUTOMATION SDN BHD,JOSHUA,/,/,/,/,TTC1275,41,19-Mar-25,,OPEN,JOHN,17-Apr-25,8-Apr-25,
375,PRIMUNCAK DEVELOPMENT SDN BHD,JONATHAN,X,X,X,/,TTC1260,40,20-Mar-25,22-May-25,CLOSED,JOHN,28-Mar-25,10-Apr-25,
376,HIDAYAT AZURA FOOD SERVICES,AZIZ,/,/,/,/,TTC1249,25,21-Mar-25,,OPEN,HANIS,25-Mar-25,8-Apr-25,
377,CK EAST CONTRUCTION SDN BHD,AZIZ,/,/,/,/,TTC1251,50,24-Mar-25,,INACTIVE,JOHN,3-Apr-25,9-Apr-25,
378,SUSTAINABLE CARBON PATHWAYS SDN BHD,AZIZ,/,/,/,/,TTC1254,5,26-Mar-25,,OPEN,HANIS,8-Apr-25,8-Apr-25,
379,CERGAS SETIA CONSTRUCTION SDN BHD (WORKER),YASMIN,/,X,X,X,X,600,26-Mar-25,,OPEN,JOHN,28-Mar-25,8-Apr-25,
380,VERZ GLOBAL SDN BHD,BARI,/,/,/,X,X,5,26-Mar-25,,OPEN,HANIS,8-Apr-25,8-Apr-25,
381,IMM HEALTHCARE SDN. BHD.,FARHANAH,/,/,X,X,X,6,27-Mar-25,,OPEN,HANIS,7-Apr-25,8-Apr-25,
382,FLAAAH THE BAKERY SDN BHD,JOSHUA,/,/,/,/,TTC1253,50,27-Mar-25,,OPEN,HANIS,7-Apr-25,8-Apr-25,
383,Y & T PRINT (M) SDN BHD,AZIZ,/,X,X,X,X,46,27-Mar-25,,OPEN,HANIS,7-Apr-25,8-Apr-25,
384,ESHEN PRECISION ENGINEERING SDN BHD,WIRSON,/,X,X,/,TTC1264,50,27-Mar-25,,OPEN,HANIS,11-Apr-25,8-Apr-25,
385,SGH EDARAN (M) SDN BHD,BARI,/,/,/,/,TTC1267,228,27-Mar-25,,OPEN,JOHN,11-Apr-25,22-Apr-25,
386,HLC LOGISTICS SDN BHD.,JOSHUA,/,/,/,/,TTC1266,70,28-Mar-25,,OPEN,JOHN,11-Apr-25,8-Apr-25,
387,TOOTHMATE DENTAL SDN BHD,FARHANAH,/,/,/,/,TTC1257,10,28-Mar-25,,OPEN,HANIS,8-Apr-25,8-Apr-25,
388,INTAN RADIO (JITRA) SDN. BHD.,BARI,/,/,X,X,X,25,28-Mar-25,,OPEN,HANIS,7-Apr-25,8-Apr-25,
389,HYK BINA SDN BHD,FARHANAH,/,/,/,/,TTC1255,50,28-Mar-25,,OPEN,HANIS,8-Apr-25,15-Apr-25,
390,YAYASAN INOVASI MALAYSIA,BARI,/,/,/,X,X,40,3-Apr-25,,OPEN,HANIS,9-Apr-25,15-Apr-25,
391,MYL AM GENERAL COVER SDN BHD,AZIZ,/,/,/,/,TTC1272,25,3-Apr-25,,OPEN,HANIS,15-Apr-25,15-Apr-25,
392,"RAINE, HORNE & ZAKI PROPERTY MANAGEMENT SDN BHD",VINCE,/,/,/,/,TTC1298,277,3-Apr-25,,OPEN,JOHN,6-May-25,8-Apr-25,
393,GREEN WORLD GENETICS SDN BHD,MUIM,/,/,/,/,TTC1261,300,7-Apr-25,,OPEN,JOHN,10-Apr-25,15-Apr-25,
394,TH ELECTRICAL SERVICES,BARI,/,/,/,/,TTC1256,7,7-Apr-25,,OPEN,HANIS,9-Apr-25,15-Apr-25,
395,VIDARA SDN BHD,AZIZ,/,/,/,/,TTC1259,20,7-Apr-25,,OPEN,HANIS,8-Apr-25,8-Apr-25,
396,RIARAN RESOURCES (M) SDN BHD,YASMIN,/,/,/,/,TTC1308,21,7-Apr-25,,OPEN,HANIS,23-Apr-25,15-Apr-25,
397,COYAMI SDN BHD,YASMIN,/,/,X,/,TTC1262,10,9-Apr-25,,OPEN,HANIS,10-Apr-25,15-Apr-25,
398,HS PRO VENTURES,JOSHUA,/,/,X,/,TTC1268,11,9-Apr-25,,OPEN,HANIS,11-Apr-25,15-Apr-25,
399,ALGREEN CONSTRUCTION,BARI,/,/,/,/,TTC1263,10,9-Apr-25,,OPEN,HANIS,11-Apr-25,15-Apr-25,
400,KEJURUTERAAN CEKAP SELAJU SDN BHD,JONATHAN,/,X,X,/,TTC1265,200,9-Apr-25,,OPEN,JOHN,11-Apr-25,15/04/2025,
401,SELERA ESBIE,BARI,/,/,/,/,TTC1269,12,10-Apr-25,,OPEN,HANIS,15-Apr-25,15-Apr-25,
402,SPORTS EVENTS HOUSE SDN BHD,FARHANAH,/,/,X,X,X,5,10-Apr-25,,OPEN,HANIS,16-Apr-25,22-Apr-25,
403,C.E. BRUSH MANUFACTURING SDN BHD,WIRSON,/,/,X,/,TTC1270,60,10-Apr-25,,OPEN,JOHN,15-Apr-25,6-May-25,
404,4S AUTO SERVICE SDN BHD,JOSHUA,/,X,X,/,TTC1273,10,10-Apr-25,,OPEN,HANIS,15-Apr-25,15-Apr-25,
405,YFL (MALAYSIA) SDN BHD,JONATHAN,/,X,X,X,X,75,11-Apr-25,23-May-25,CLOSED,HANIS,11-Apr-25,15-Apr-25,
406,SYNCMAX MANAGEMENT,JOSHUA,/,X,X,/,TTC1307,500,11-Apr-25,,OPEN,JOHN,24-Apr-25,28-Apr-25,
407,MR. CLEAN HYGIENE SOLUTIONS SDN BHD,AZIZ,/,X,X,/,TTC1271,6,11-Apr-25,,OPEN,HANIS,15-Apr-25,15-Apr-25,
408,LAGUNA REDANG ISLAND RESORT SDN BHD,VINCE,/,X,X,X,X,400,11-Apr-25,,OPEN,JOHN,21-Apr-25,15-Apr-25,
409,ALIYAH RIZQ FARM SDN BHD,VINCE,/,/,/,/,TTC1311,25,14-Apr-25,,OPEN,HANIS,25-Apr-25,28-Apr-25,
410,CITY PROPERTIES SDN BHD,JONATHAN,/,/,/,X,X,50,14-Apr-25,,OPEN,HANIS,22-Apr-25,28-Apr-25,
411,MCC ENGINERING & CONSTRUCTION,MUIM,/,X,X,X,X,30,15-Apr-25,,OPEN,HANIS,22-Apr-25,22-Apr-25,
412,PERNIAGAAN RAZZNIE ELYSSA,BARI,/,/,X,/,TTC1278,5,15-Apr-25,,OPEN,HANIS,21-Apr-25,22-Apr-25,
413,YUSOF NOOR SDN BHD,AZIZ,/,X,X,/,TTC1274,25,15-Apr-25,,OPEN,HANIS,17-Apr-25,22-Apr-25,
414,INTERNATIONAL SHIPCARE SDN BHD,AZIZ,/,/,X,X,,200,15-Apr-25,,OPEN,JOHN,18-Apr-25,22-Apr-25,
415,LA'MIS SDN BHD,JOSHUA,/,X,X,X,X,35,17-Apr-25,,OPEN,HANIS,17-Apr-25,22-Apr-25,
416,KOPERASI BANK PERTANIAN MALAYSIA (KOPBM) BERHAD,YASMIN,/,/,/,/,TTC1310,35,16-Apr-25,,OPEN,HANIS,24-Apr-25,28-Apr-25,
417,GLORIOUS NURSERY,BARI,/,/,/,/,TTC1279,21,17-Apr-25,,OPEN,HANIS,22-Apr-25,22-Apr-25,
418,ENVISION METATECH SDN BHD,BARI,/,/,/,/,TTC1312,20,17-Apr-25,,OPEN,HANIS,28-Apr-25,28-Apr-25,
419,EYESMATE OPTICAL SDN BHD,FARHANAH,/,/,/,/,TTC1330,45,17-Apr-25,,OPEN,HANIS,16-May-25,28-Apr-25,
420,AMANO THAI (ATI - ATAT),JONATHAN,/,/,/,/,#N/A,60,17-Apr-25,,OPEN,JOHN,,,
421,BLESSING DENTAL SDN BHD,FARHANAH,/,X,X,X,X,11,18-Apr-25,19-May-25,CLOSED,AIMAN,23-Apr-25,,
422,STARLITE ELECTRICAL INDUSTRIES SDN BHD,VINCE,/,/,/,/,TTC1306,132,18-Apr-25,,OPEN,JOHN,8-May-25,22-Apr-25,
423,MAJLIS SUKAN NEGERI SELANGOR,FATIMAH,X,X,X,/,MJSKNS,130,18-Apr-25,,OPEN,JOHN,22-Apr-25,,
424,A MOXIE ASSOCIATES SDN BHD,AZIZ,/,/,/,/,TTC1309,8,21-Apr-25,,OPEN,HANIS,24-Apr-25,,
425,ALL ID ASIA SDN BHD,BARI,/,/,/,/,TTC1281,10,21-Apr-25,,OPEN,ALIF FAISAL,22-Apr-25,23-Apr-25,
426,MALAYA GLASS PRODUCTS SDN BHD,MUIM,/,/,/,/,#N/A,280,21-Apr-25,,OPEN,AIMAN,2-May-25,6-May-25,
427,INK LOAF PUBLICATION,YASMIN,/,/,/,/,TTC1282,5,22-Apr-25,,OPEN,ALIF FAISAL,24-Apr-25,28-Apr-25,
428,ANEKA JARINGAN SDN BHD,JONATHAN,X,/,X,X,X,190,22-Apr-25,,OPEN,AIMAN,28-Apr-25,29-Apr-25,
429,SYNCMAX MANAGEMENT,JOSHUA,/,/,/,/,TTC1307,110,22-Apr-25,,OPEN,JOHN,24-Apr-25,28-Apr-25,
430,HUP HENG METAL SDN BHD,FARHANAH,/,/,/,/,TTC1283,12,22-Apr-25,,OPEN,ALIF FAISAL,24-Apr-25,6-May-25,
431,EEL PLUMBING & TRADING SDN BHD,FARHANAH,/,/,/,/,TTC1280,20,22-Apr-25,,OPEN,ALIF FAISAL,23-Apr-25,28-Apr-25,
432,STC PROPERTY MANAGEMENT,WIRSON,/,/,X,X,X,20,23-Apr-25,,OPEN,ALIF FAISAL,28-Apr-25,6-May-25,
433,HO SENG KEE (M) SDN BHD,AZIZ,/,/,X,X,X,16,23-Apr-25,,OPEN,ALIF FAISAL,25-Apr-25,6-May-25,
434,PTK GROUP SDN BHD ,MUIM,/,/,/,/,TTC1286,22,23-Apr-25,,OPEN,ALIF FAISAL,28-Apr-25,13-May-25,
435,SNA HOUSING SDN BHD,YASMIN,/,/,/,/,TTC1285,7,24-Apr-25,,OPEN,ALIF FAISAL,28-Apr-25,13-May-25,
436,SMK PENDIDIKAN KHAS PERSEKUTUAN,AZIZ,/,X,X,X,X,100,24-Apr-25,,OPEN,SHAQINUR,9-May-25,20-May-25,
437,TIVO BUILDER SDN BHD,AZIZ,/,/,/,/,TTC1288,6,25-Apr-25,,OPEN,SYAMIM,5-May-25,6-May-25,
438,RENTBOT AUTOMATION SDN BHD,BARI,/,/,X,X,X,40,28-Apr-25,,OPEN,SYAMIM,5-May-25,20-May-25,
439,NAFAR INDAH ENTERPRISE,YASMIN,/,/,X,/,TTC1289,5,28-Apr-25,,OPEN,SHAQINUR,5-May-25,6-May-25,
440,PERBADANAN PENGURUSAN FORTUNE CENTRA,FARHANAH,/,/,/,/,TTC1287,6,28-Apr-25,,OPEN,SHAQINUR,5-May-25,6-May-25,
441,RISING FUSION SDN BHD,JONATHAN,/,/,/,/,TTC1299,90,28-Apr-25,,OPEN,ZULHILMIE,7-May-25,,
442,TALENT TIDE CONSULTANCY,YASMIN,X,X,X,/,TTC1284,15,28-Apr-25,,OPEN,SHAQINUR,5-May-25,8-May-25,
443,AMT INSTRUMENTS PLT,YASMIN,X,X,/,/,TTC1341,5,28-Apr-25,,OPEN,SYAMIM,21-May-25,28-May-25,
444,ALYOUSEFI GROUP SDN BHD,AZIZ,/,/,/,/,TTC1325,25,29-Apr-25,,OPEN,ZULHILMIE,30-Apr-25,6-May-25,
445,TOLEDO FASHION SDN BHD,FARHANAH,/,X,X,/,TTC1290,5,29-Apr-25,,OPEN,SYAMIM,5-May-25,8-May-25,
446,MFJ GROUP HOLDING SDN BHD,MUIM,/,/,X,/,TTC1302,65,29-Apr-25,,OPEN,ZULHILMIE,8-May-25,,
447,LVMZ DEMIURGIC SDN BHD,FARHANAH,/,X,X,X,X,25,29-Apr-25,27-May-25,CLOSED,SHAQINUR,6-May-25,13-May-25,
448,ITS SMART GLOBAL SOLUTIONS,YASMIN,/,/,/,/,TTC1294,5,29-Apr-25,,OPEN,SYAMIM,6-May-25,13-May-25,
449,WEDRINK VENTURES SDN BHD,AZIZ,/,/,X,/,TTC1295,7,29-Apr-25,,OPEN,SHAQINUR,6-May-25,7-May-25,
450,SIXPOINT LOGISTIC SDN BHD,AZIZ,/,/,/,/,TTC1322,20,29-Apr-25,,OPEN,ALIF FAISAL,30-Apr-25,6-May-25,
451,STRATA PARK (M) SDN BHD,JOSHUA,/,/,/,/,TTC1324,26,29-Apr-25,,OPEN,ZULHILMIE,15-May-25,6-May-25,
452,J & W CAR RENTAL SDN BHD,YASMIN,/,/,/,/,TTC1292,5,29-Apr-25,,OPEN,SYAMIM,5-May-25,6-May-25,
453,WCT CONSTRUCTION SDN BHD,JOSHUA,/,X,X,X,X,1900,30-Apr-25,,OPEN,AIMAN,9-May-25,,
454,FARMASI ALDE SDN BHD,FARHANAH,/,/,/,/,TTC1314,5,30-Apr-25,,OPEN,SHAQINUR,7-May-25,13-May-25,
455,CRYSTAL DIGNITY (M) SDN BHD,FATIMAH,X,X,X,/,TTC1297,20,30-Apr-25,,OPEN,ALIF FAISAL,7-May-25,8-May-25,
456,THE MARKETING ASSEMBLY SDN BHD,YASMIN,/,/,/,/,TTC1291,5,30-Apr-25,,OPEN,SYAMIM,5-May-25,6-May-25,
457,LOTUS ELEVATOR SDN BHD,BARI,/,/,/,/,TTC1305,13,2-May-25,,OPEN,SHAQINUR,9-May-25,3-Jun-25,
458,TECTRA SDN BHD,FARHANAH,/,/,/,X,X,6,2-May-25,,OPEN,SYAMIM,7-May-25,13-May-25,
459,ZXL DESIGN & TECHNOLOGY SDN BHD,YASMIN,/,X,X,X,X,5,2-May-25,,OPEN,SHAQINUR,16-May-25,20-May-25,
460,ENABLE COMMERCE SDN BHD,YASMIN,X,X,/,/,TTC1304,7,2-May-25,,OPEN,SYAMIM,8-May-25,14-May-25,
461,GDC SKY SDN BHD,YASMIN,/,/,X,/,TTC1303,30,2-May-25,,OPEN,SHAQINUR,8-May-25,13-May-25,
462,JV GLOBAL EVENT SDN BHD,JONATHAN,/,X,X,X,X,20,2-May-25,27-May-25,CLOSED,SYAMIM,7-May-25,13-May-25,
463,HAPTEC ENGINEERING SDN BHD,JONATHAN,X,X,X,/,TTC1293,10,2-May-25,,OPEN,SHAQINUR,8-May-25,15-May-25,
464,XCITE CORPORATION SDN BHD,MUIM,/,/,X,/,TTC1313,52,2-May-25,,OPEN,ZULHILMIE,9-May-25,13-May-25,
465,SINO VICTORIA ENTERPRISE,AZIZ,/,/,X,/,TTC1296,5,2-May-25,,OPEN,SHAQINUR,6-May-25,7-May-25,
466,KAVIN ENGINEERING AND SERVICES SDN BHD,FARHANAH,/,/,/,/,TTC1315,27,2-May-25,,OPEN,SHAQINUR,13-May-25,14-May-25,
467,T & T VENTURE SDN BHD,JONATHAN,/,X,X,X,X,11,2-May-25,28-May-25,CLOSED,SYAMIM,8-May-25,20-May-25,
468,SYARIKAT FIRWAN MERICAN SDN BHD,AZIZ,/,/,/,/,TTC1329,90,5-May-25,,OPEN,ZULHILMIE,19-May-25,13-May-25,
469,A1 RECIPE SDN BHD,MUIM,X,/,X,X,X,120,5-May-25,,OPEN,AIMAN,9-May-25,21-May-25,
470,TOUCH MEDIA ADV GAMING SHOP,YASMIN,/,/,/,/,TTC1300,16,5-May-25,,OPEN,SYAMIM,8-May-25,13-May-25,
471,PANAROMIC SDN BHD,VINCE,/,X,X,X,X,10,5-May-25,,OPEN,SHAQINUR,13-May-25,6-May-25,
472,HONG BEE PROPERTY MANAGEMENT SDN BHD,VINCE,/,/,/,/,TTC1326,64,5-May-25,,OPEN,ZULHILMIE,13-May-25,6-May-25,
473,A NATIVE DREAMER SDN BHD,VINCE,/,/,/,/,TTC1331,50,5-May-25,,OPEN,JOHN,13-May-25,6-May-25,
474,WORLD HARVEST HOLDINGS SDN BHD,AZIZ,/,/,/,/,#N/A,6,6-May-25,,OPEN,SYAMIM,21-May-25,27-May-25,
475,SCARBOROUGH FISH N CHIP RESTAURANT,AZIZ,/,X,X,/,TTC1336,10,6-May-25,,OPEN,SYAMIM,20-May-25,3-Jun-25,
476,KHADEEJA CORPORATE ADVISORY SDN BHD,BARI,/,/,/,X,X,134,7-May-25,,OPEN,AIMAN,13-May-25,,
477,ARRA HEALTHCARE SDN BHD,BARI,/,/,X,/,TTC1318,9,8-May-25,,OPEN,SHAQINUR,14-May-25,20-May-25,
478,MAX GLOBAL PAINT RESOURCES,BARI,/,/,/,/,TTC1317,5,8-May-25,,OPEN,SYAMIM,14-May-25,27-May-25,
479,ADNEX INTERIOR SOLUTION SDN BHD,BARI,/,X,X,X,X,30,8-May-25,,OPEN,SHAQINUR,14-May-25,20-May-25,
480,KIAN3 SDN BHD,AZIZ,/,X,X,X,X,18,8-May-25,,OPEN,SYAMIM,14-May-25,20-May-25,
481,SEOKO SDN BHD,YASMIN,/,/,X,/,TTC1328,11,8-May-25,,OPEN,SHAQINUR,16-May-25,,
482,ROBINA MART,FARHANAH,/,X,X,/,TTC1337,6,8-May-25,,OPEN,SYAMIM,13-May-25,20-May-25,
483,URBANEX PROPERTY MANAGEMENT SDN BHD,BARI,/,/,/,/,TTC1327,110,8-May-25,,OPEN,AIMAN,16-May-25,13-May-25,
484,YKF CONSTRUCTION SDN BHD,YASMIN,/,/,/,/,TTC1323,6,8-May-25,,OPEN,SHAQINUR,15-May-25,21-May-25,
485,SURUHANJAYA PERSAINGAN MALAYSIA (MYCC),JONATHAN,X,X,X,X,X,10,9-May-25,,OPEN,ZULHILMIE,14-May-25,,
486,LANGKAWI SKYWALK SDN BHD,JOSHUA,/,/,/,X,X,33,9-May-25,,OPEN,SYAMIM,19-May-25,27-May-25,
487,HIAP ING SDN BHD,VINCE,/,X,X,X,X,10,13-May-25,,OPEN,SHAQINUR,22-May-25,27-May-25,
488,FR & PARTNERS,FARHANAH,/,/,/,/,TTC1347,6,13-May-25,,OPEN,SHAQINUR,23-May-25,27-May-25,
489,UNCLE SENG NOODLE SDN BHD,AZIZ,X,X,X,/,#N/A,9,13-May-25,,OPEN,SYAMIM,19-May-25,29-May-25,
490,MAWAR TERAJU SDN BHD,BARI,/,X,X,/,TTC1316,300,13-May-25,,OPEN,AIMAN,15-May-25,,
491,KAISU (M) SDN BHD,JOSHUA,/,/,/,/,TTC1332,55,13-May-25,,OPEN,ZULHILMIE,19-May-25,20-May-25,
492,INCO MEDIC SDN BHD,FARHANAH,/,/,/,/,TTC1344,5,14-May-25,,OPEN,SYAMIM,23-May-25,27-May-25,
493,GHAZAL MAHEL ASSOCIATES SDN BHD,JOSHUA,X,/,X,/,#N/A,450,14-May-25,,OPEN,AIMAN,27-May-25,20-May-25,
494,ASICS MALAYSIA SDN BHD,JOSHUA,/,/,/,/,#N/A,170,14-May-25,,OPEN,AIMAN,21-May-25,13-May-25,
495,PEMBINAAN YUEN SENG SDN BHD,MUIM,/,/,X,/,TTC1333,115,15-May-25,,OPEN,AIMAN,19-May-25,20-May-25,
496,MANJOE (F&B) SDN BHD,YASMIN,/,X,X,X,X,100,15-May-25,,OPEN,AIMAN,20-May-25,,
497,BESTO SDN BHD,FATIMAH,/,X,X,X,X,10,15-May-25,,OPEN,SHAQINUR,20-May-25,10-Jun-25,
498,HADIAH GLOBAL TRADING,AZIZ,/,/,X,/,TTC1349,7,16-May-25,,OPEN,SYAMIM,26-May-25,27-May-25,
499,RAFTECH NIAGA SDN BHD,YASMIN,/,/,/,/,TTC1346,61,16-May-25,,OPEN,ZULHILMIE,22-May-25,27-May-25,
500,HOMESTEAD WOOD INDUSTRIES SDN BHD,FARHANAH,/,/,/,/,TTC1348,20,16-May-25,,OPEN,SHAQINUR,23-May-25,3-Jun-25,
501,CMV STORE PLT,YASMIN,/,/,/,/,TTC1343,13,16-May-25,,OPEN,SYAMIM,23-May-25,27-May-25,
502,HWA HUAT LIVESTOCK INDUSTRIES SDN BHD,BARI,/,X,X,X,X,5,19-May-25,,OPEN,SHAQINUR,27-May-25,KIV,
503,QING CUISINE SDN BHD,YASMIN,/,/,X,X,X,25,19-May-25,,OPEN,SYAMIM,22-May-25,27-May-25,
504,INTERIOR D ART DESIGN & BUILD SDN BHD,FARHANAH,/,X,X,X,X,5,19-May-25,,OPEN,SHAQINUR,26-May-25,27-May-25,
505,THETAIBAH CONSULTING PLT,YASMIN,/,X,X,X,X,10,19-May-25,,OPEN,SYAMIM,21-May-25,27-May-25,
506,GENX TECHNOLOGY (M) SDN BHD,JONATHAN,/,/,/,/,TTC1342,18,20-May-25,,OPEN,ALIF FAISAL,26-May-25,,
507,NYALA SATRIA (M) SDN BHD,VINCE,/,/,X,X,X,80,20-May-25,,OPEN,ZULHILMIE,26-May-25,20-May-25,
508,MIG ASSOCIATES,MUIM,/,/,/,/,TTC1345,7,20-May-25,,OPEN,SHAQINUR,22-May-25,,
509,PRECIOUS PRECIOUS SDN BHD,VINCE,/,/,/,X,X,50,20-May-25,,OPEN,ZULHILMIE,27-May-25,20-May-25,
510,TMI GOTRANS SDN BHD,FATIMAH,/,/,/,/,TTC1339,5,21-May-25,,OPEN,SHAQINUR,22-May-25,27-May-25,Client req not to join training due existing  client.
511,J&E STREETFOOD ENTERPRISE,BARI,/,X,X,/,#N/A,5,21-May-25,,OPEN,SYAMIM,3-Jun-25,,
512,PSI HOSPITALITY SDN BHD,FARHANAH,/,/,/,/,TTC1340,5,21-May-25,,OPEN,SHAQINUR,22-May-25,3-Jun-25,
513,EE JIA HOUSEWARES (M) SDN BHD,JONATHAN,/,/,/,/,#N/A,87,23-May-25,,OPEN,ZULHILMIE,28-May-25,,
514,MTHRIVE GROUP SDN BHD,YASMIN,X,X,X,/,#N/A,8,23-May-25,,OPEN,SYAMIM,29-May-25,5-Jun-25,
515,ATS TEKNIK SDN BHD ,YASMIN,/,X,X,/,#N/A,60,23-May-25,,OPEN,ZULHILMIE,30-May-25,,
516,REZQ UTILITIES SDN BHD,YASMIN,/,/,/,/,#N/A,6,23-May-25,,OPEN,SYAMIM,28-May-25,,
517,ADS TRAVEL & TOUR SDN BHD,YASMIN,/,/,/,/,#N/A,7,26-May-25,,OPEN,SHAQINUR,28-May-25,,
518,BOB KOREAN BEAUTY (M) SDN BHD,VINCE,/,X,X,X,X,5,26-May-25,,OPEN,SYAMIM,27-May-25,,
519,MAJLIS AGAMA ISLAM DAN ADAT MELAYU PERAK (MAIPK) - SBU ZAPAR,AZIZ,/,/,/,/,#N/A,60,26-May-25,,OPEN,ZULHILMIE,29-May-25,,
520,MINISTRY OF FISHERIES & MARINE RESOURCES DEVELOPMENT (KIRIBATI),JONATHAN,/,/,X,X,X,200,26-May-25,,OPEN,AMIRUL,,,
521,AUTHENTIC TIMBER RESOURCES SDN BHD,YASMIN,/,/,/,/,#N/A,5,27-May-25,,OPEN,SHAQINUR,12-Jun-25,,
522,FORTIFY ENGINEERING SDN BHD,JOSHUA,/,/,/,/,#N/A,60,27-May-25,,OPEN,ZULHILMIE,,,
523,MK MOVEMENT SDN BHD,FARHANAH,/,/,/,/,#N/A,17,28-May-25,,OPEN,SYAMIM,29-May-25,,
524,TNRC HOLDINGS SDN BHD ,MUIM,/,/,/,/,#N/A,40,28-May-25,,OPEN,SHAQINUR,30-May-25,,
525,HYPRGROUND HOLDING SDN BHD,MUIM,/,/,/,/,#N/A,30,28-May-25,,OPEN,SHAQINUR,30-May-25,,
526,KINMALAYSIA MANAGEMENT SDN BHD,YASMIN,/,/,/,X,X,20,28-May-25,,OPEN,SYAMIM,10-Jun-25,,
527,NORTHERN HOPE EXPRESS SDN BHD,WIRSON,/,/,/,/,#N/A,10,28-May-25,,OPEN,SHAQINUR,3-Jun-25,,
528,AIHAZ FOODS SDN BHD,FARHANAH,/,/,/,/,#N/A,17,28-May-25,,OPEN,SYAMIM,29-May-25,,
529,SWALLOW HOUSE ENTERPRISE SDN BHD,FATIMAH,/,/,/,/,#N/A,10,29-May-25,,OPEN,ALIF FAISAL,6-Jun-25,,
530,PEJABAT MUFTI NEGERI PULAU PINANG,YASMIN,/,X,X,X,X,45,29-May-25,,OPEN,ALIF FAISAL,4-Jun-25,,
531,UKUR DIMENSI,AZIZ,/,/,X,X,X,18,29-May-25,,OPEN,ALIF FAISAL,4-Jun-25,,
532,TMC AESTHETIC ACADEMY SDN BHD,FARHANAH,/,/,/,/,#N/A,28,29-May-25,,OPEN,ALIF FAISAL,5-Jun-25,,
533,HAIER ELECTRICAL APPLIANCES (M) SDN BHD (NEW),FATIMAH,/,X,X,X,X,10,29-May-25,,OPEN,ALIF FAISAL,4-Jun-25,,
534,PETCHEF SDN BHD,YASMIN,/,/,/,/,#N/A,20,29-May-25,,OPEN,ALIF FAISAL,5-Jun-25,,
535,TRIO NINJA DISTRIBUTION SDN BHD,YASMIN,/,/,X,/,#N/A,12,29-May-25,,OPEN,ALIF FAISAL,,,
536,CNS DYNAMICS SDN BHD,YASMIN,/,X,X,X,X,7,30-May-25,,OPEN,ALIF FAISAL,,,
537,ASR ELECTRICAL & SERVICES SDN BHD,YASMIN,/,/,/,/,#N/A,15,30-May-25,,OPEN,ALIF FAISAL,10-Jun-25,,
538,PIONEER PERFECTION SDN BHD,YASMIN,/,/,X,X,X,20,30-May-25,,OPEN,ALIF FAISAL,,,
539,CM INSULATION ENTERPRISE,FARHANAH,X,X,X,/,#N/A,15,30-May-25,,OPEN,ALIF FAISAL,,,
540,,,,,,,,,,,,,,,
541,,,,,,,,,,,,,,,
542,,,,,,,,,,,,,,,
543,,,,,,,,,,,,,,,
544,,,,,,,,,,,,,,,
545,,,,,,,,,,,,,,,
546,,,,,,,,,,,,,,,
547,,,,,,,,,,,,,,,
548,,,,,,,,,,,,,,,
549,,,,,,,,,,,,,,,
550,,,,,,,,,,,,,,,
551,,,,,,,,,,,,,,,
552,,,,,,,,,,,,,,,
553,,,,,,,,,,,,,,,
554,,,,,,,,,,,,,,,
555,,,,,,,,,,,,,,,
556,,,,,,,,,,,,,,,
557,,,,,,,,,,,,,,,
558,,,,,,,,,,,,,,,
559,,,,,,,,,,,,,,,
560,,,,,,,,,,,,,,,
561,,,,,,,,,,,,,,,
562,,,,,,,,,,,,,,,
563,,,,,,,,,,,,,,,
564,,,,,,,,,,,,,,,
565,,,,,,,,,,,,,,,
566,,,,,,,,,,,,,,,
567,,,,,,,,,,,,,,,
568,,,,,,,,,,,,,,,
569,,,,,,,,,,,,,,,
570,,,,,,,,,,,,,,,
571,,,,,,,,,,,,,,,
572,,,,,,,,,,,,,,,
573,,,,,,,,,,,,,,,
574,,,,,,,,,,,,,,,
575,,,,,,,,,,,,,,,
576,,,,,,,,,,,,,,,
577,,,,,,,,,,,,,,,
578,,,,,,,,,,,,,,,
579,,,,,,,,,,,,,,,
580,,,,,,,,,,,,,,,
581,,,,,,,,,,,,,,,
582,,,,,,,,,,,,,,,
583,,,,,,,,,,,,,,,
584,,,,,,,,,,,,,,,
585,,,,,,,,,,,,,,,
586,,,,,,,,,,,,,,,
587,,,,,,,,,,,,,,,
588,,,,,,,,,,,,,,,
589,,,,,,,,,,,,,,,
590,,,,,,,,,,,,,,,
591,,,,,,,,,,,,,,,
592,,,,,,,,,,,,,,,
593,,,,,,,,,,,,,,,
594,,,,,,,,,,,,,,,
595,,,,,,,,,,,,,,,
596,,,,,,,,,,,,,,,
597,,,,,,,,,,,,,,,
598,,,,,,,,,,,,,,,
599,,,,,,,,,,,,,,,
600,,,,,,,,,,,,,,,
